Gene	r_cogn_global	p_cogn_global	r_pseudotime	p_pseudotime	r_cogng_demog_slope	p_cogng_demog_slope	r_motor10_demog_slope	p_motor10_demog_slope	r_sqrt_parksc_demog_slope	p_sqrt_parksc_demog_slope	max_abs_r	module_id	module_type	cluster_size	selected
ME_M1005	0.11123580400866381	0.16545671308152707	-0.09256373339504934	0.24889835396625368	0.0853862321606211	0.28765497322400135	0.08217124467983514	0.306257527826515	0.046456500912148285	0.5634270038447895	0.11123580400866381	1005	CT	42	False
ME_M1006	0.030037255275475898	0.7088191769643047	-0.027883166945665006	0.7288538224281129	-0.0038307516521385414	0.9620224497552272	0.08695411498668543	0.27886262540338025	0.02308556755767733	0.7741214553842897	0.08695411498668543	1006	TS	41	False
ME_M1007	0.08874843938793653	0.26902479648351807	-0.07884476984755664	0.32631834990164366	0.051840827453591046	0.5190524251152894	0.04321063395095869	0.5910243740424242	0.016258597400037378	0.8398345964072454	0.08874843938793653	1007	TS	67	False
ME_M1008	0.06359480546216796	0.42878389432916625	-0.03072790412095286	0.7024368543587033	0.00844195224419049	0.9164282212143168	0.067890862563655	0.3981959349450096	0.041527942563435165	0.6055692211285861	0.067890862563655	1008	TS	58	False
ME_M1037	-0.03262958566757591	0.6849715260063114	0.011956837703619438	0.8818480927706086	-0.041184092942034	0.6085608122027947	0.09226626846603662	0.2504290045155043	0.020437234784077565	0.7994507412240932	0.09226626846603662	1037	CT	47	False
ME_M1044	-0.10357597634098001	0.1967358176820939	0.08337512578879758	0.29920120959094043	-0.10464241225246512	0.19214091949879766	0.053031535848417466	0.5094863698252536	0.04429607297533854	0.5817273075602659	0.10464241225246512	1044	CT	36	False
ME_M1046	-0.055301778320317435	0.49150396665918866	0.018639528133262903	0.8167660556597756	-0.0029780072123913696	0.9704720715575668	0.10046054820221964	0.2106144220042619	0.0476919295002871	0.5530871155390736	0.10046054820221964	1046	TS	47	False
ME_M1047	-0.07481860465498885	0.35170404918725023	0.026449084023686592	0.7422952897424996	-0.056831510811702	0.47958013277333683	0.05919097469850071	0.4614994278526024	0.01193528190936756	0.8820595525894573	0.07481860465498885	1047	TS	62	False
ME_M1048	-0.004801206758166025	0.9524116526961706	-0.031207207642185687	0.6980197341975928	0.043365812600445725	0.589691090937453	0.08665018223845794	0.28055271111377394	0.01573020394460112	0.8449733970346408	0.08665018223845794	1048	TS	59	False
ME_M1049	-0.10772900060010046	0.1792831166836468	0.07016639899729668	0.38253569676199495	-0.07438571527167548	0.35450535730224675	0.035945794760457575	0.65491490148773	0.032967880119976374	0.6818816548210522	0.10772900060010046	1049	TS	35	False
ME_M1050	-0.08454218219777336	0.2924640979744933	0.0551867392503267	0.4924069919665999	-0.04939349366882853	0.5389984950873361	0.09626956003020845	0.23037135724801608	0.039785100280973394	0.6207990439754973	0.09626956003020845	1050	TS	57	False
ME_M1051	-0.005454200838990904	0.9459485666204094	-0.021190451806456775	0.7922242411177671	-0.01149424980229732	0.8863878326298184	0.07819605208811775	0.33032691482603105	0.013106460052385867	0.8705828862183785	0.07819605208811775	1051	TS	57	False
ME_M1080	-0.021158295503099937	0.7925323983108602	-0.030008203810144414	0.7090880910029377	-0.014091156568962515	0.8609543400540101	0.029811946746505544	0.7109056777830273	-0.00859444047934895	0.9149242797291188	0.030008203810144414	1080	CT	194	True
ME_M1082	-0.04598988985581434	0.5673561597810975	-0.014363595635716778	0.8582939280626575	-0.027889914704578276	0.7287907675971296	0.020907707162910516	0.7949349084216438	-0.039309349597149185	0.6249848844610956	0.04598988985581434	1082	CT	104	False
ME_M1084	0.003706256356005244	0.963255800240049	-0.05407914113235476	0.5011462246265334	0.025095954390902342	0.7550498393354361	0.029301220225436096	0.7156432598157527	-0.009403561430780347	0.9069493570763856	0.05407914113235476	1084	CT	178	False
ME_M1094	0.0368490939911	0.6468203567536656	-0.09227964176798746	0.2503600507566942	0.0973097190448022	0.22535031823075916	0.07092454682176427	0.3774023119816835	-0.013671590019523339	0.8650545234346504	0.0973097190448022	1094	CT	135	False
ME_M1095	0.04113800058706851	0.6089623239357658	-0.11004152827931009	0.17007326326061764	0.09937457328275508	0.21561329878216057	0.05650807741901442	0.4820881022039736	-0.04666941240897429	0.5616384828536299	0.11004152827931009	1095	CT	97	False
ME_M1103	-0.10703554489621313	0.1821151632748966	0.16071679865165192	0.04434932032171868	-0.15860194313226045	0.04725894902707677	-0.08664731831814268	0.28056866927341406	0.016644896194827383	0.836081973710159	0.16071679865165192	1103	CT	38	False
ME_M1109	-0.08658821981123507	0.28089811060001313	0.019211906454568557	0.8112429222749443	-0.0412168447344006	0.6082755814410686	0.010385361876536672	0.8972849930323706	-0.031742090346451854	0.6931023515692795	0.08658821981123507	1109	CT	145	False
ME_M1112	0.02725701307545407	0.7347128078089731	0.04496679902691726	0.5760164196735593	-0.024193996328912157	0.7635887893988442	-0.038550355679736664	0.6316876332749355	0.06586793230031936	0.4124338164140781	0.06586793230031936	1112	CT	166	False
ME_M1114	-0.04914369617104644	0.5410555636562131	-0.030324808453705762	0.7061593922343535	0.04231683071445483	0.5987304458256275	0.005383014032814992	0.9466529829815523	-0.04631940617245698	0.5645800783665332	0.04914369617104644	1114	CT	168	False
ME_M1123	0.015191204214295071	0.8502220847218928	-0.057843841568969205	0.4717760740241599	0.04146681132895412	0.6061006036850304	0.041125897689269136	0.609067771949281	-0.05094210252215859	0.5263330511422093	0.057843841568969205	1123	CT	84	False
ME_M1124	0.04851070736221395	0.5462855207233102	-0.03951957587869668	0.6231337435575949	0.06944991760781663	0.38742570966326223	0.06578042306682391	0.413056396042743	-0.012328742093463105	0.8782010799632405	0.06944991760781663	1124	TS	110	False
ME_M1126	0.0010784551649600169	0.9893046585274545	-0.033627309923686094	0.6758738383569272	0.026513601521961715	0.7416888657231319	0.04923980862608981	0.5402636233873361	-0.03688858212694816	0.6464674335335914	0.04923980862608981	1126	TS	154	False
ME_M1127	0.07404677607509756	0.3567084078272959	-0.0824121060826012	0.3048370961944492	0.07580197104960801	0.3453922645751872	0.0630642420591272	0.4326531486328703	-0.005455961000000252	0.9459311497885409	0.0824121060826012	1127	CT	135	False
ME_M1132	0.029701515663252624	0.7119291251312316	0.05188914753928339	0.5186624452448367	-0.011355563720494611	0.887749595117825	-0.04520581242492028	0.5739876960546705	0.03903955139404803	0.6273640195461397	0.05188914753928339	1132	CT	269	True
ME_M1135	0.04283187806418364	0.5942843659297069	0.04105233957333922	0.6097088292047044	0.005982889212619559	0.9407183708538999	-0.02147647209538993	0.7894846985714624	0.037178767701178624	0.6438763348086153	0.04283187806418364	1135	CT	346	True
ME_M1136	-0.0017354897633745522	0.982789474059634	-0.10583026561115592	0.18711543141891535	0.048883989849263294	0.5431983410148216	0.052120843643700926	0.516794566508652	-0.05659368285030773	0.4814236135277271	0.10583026561115592	1136	CT	32	False
ME_M1147	0.05423469716552194	0.49991395594866583	-0.03323089921088905	0.6794829659919118	0.056998028750652	0.47829167239524883	-0.00664330174849349	0.9341886383158586	-0.006778954555038926	0.9328479192756162	0.056998028750652	1147	CT	104	False
ME_M1150	0.0036425238627909723	0.9638872194333236	0.05220497192930751	0.5161171994562809	-0.022438651321143324	0.7802878938199274	0.04838693568798132	0.547311054124692	-0.004454154858391866	0.9558479286291369	0.05220497192930751	1150	CT	114	False
ME_M1157	-0.08376078033586351	0.29696367353861397	-0.044108456530839585	0.5833294433070126	-0.04095098559094966	0.6105926128403573	0.060152358731117475	0.4542418655640983	-0.012705438892732835	0.8745096791973134	0.08376078033586351	1157	CT	423	True
ME_M1159	0.048207910780277946	0.5487960653828872	-0.0004956839055292109	0.9950840490908133	0.04759029998909986	0.5539342120963441	0.011838232816715852	0.8830116957327026	0.022083566532262774	0.7836784344582819	0.048207910780277946	1159	CT	206	True
ME_M1160	-0.09065046787147554	0.2588569900004136	0.038200624541340156	0.6347863069965829	-0.08030053708856974	0.31743731928562136	-0.01631761785266482	0.8392610183690741	0.009077433415173052	0.9101626941601771	0.09065046787147554	1160	CT	231	True
ME_M1172	0.029501068066427945	0.7137881353146374	-0.03673788774096983	0.64781467961122	-0.011171859952177086	0.8895538921612952	-0.006483202886957591	0.9357712065230167	0.05665085551014612	0.48098010152049325	0.05665085551014612	1172	CT	114	False
ME_M1173	0.012802189188841503	0.8735620178941421	-0.0458581067983766	0.5684682041667696	0.017773563508158077	0.8251392064877572	0.00856942048231292	0.9151710232203092	0.03693694167973452	0.6460353297603796	0.0458581067983766	1173	CT	124	False
ME_M1177	-0.04171708406349366	0.6039264210126019	0.019834182924671373	0.805248845907195	-0.05280715932865618	0.5112819763390145	0.011392364207853611	0.8873882179591419	0.05191400315419186	0.5184618999243389	0.05280715932865618	1177	CT	151	False
ME_M1188	-0.008046790161866962	0.9203269408853596	0.028526252743696037	0.7228526883680014	-0.02760357575452148	0.7314680712154633	-0.044817831089336096	0.5772825389022821	0.09761104566874329	0.22391032580695272	0.09761104566874329	1188	CT	87	False
ME_M1190	-0.06264375914090964	0.43573378144052516	0.0652528926678331	0.4168211444817107	-0.08079691169142375	0.31444536334625317	-0.028637295302221033	0.7218181588499958	0.07861653260570316	0.3277250920235167	0.08079691169142375	1190	CT	64	False
ME_M1192	0.014660867832019517	0.855392834591776	-0.01468637816888857	0.8551439675811431	0.03971192316653904	0.6214420986199118	0.036927300307233894	0.6461214682177555	-0.06460638253682156	0.4214622196745726	0.06460638253682156	1192	CT	100	False
ME_M1199	-0.04981278423321561	0.5355544093676796	0.005557582797453248	0.944925643523464	0.013014034773483604	0.8714876365784117	-0.01487751925452534	0.8532797394494057	-0.09754667933567367	0.22421737379163725	0.09754667933567367	1199	TS	44	False
ME_M1209	-0.16601697873065835	0.03770874649330708	0.17562620345215169	0.027797333854947946	-0.15702091973692495	0.04953652529876761	-0.09503157355634928	0.23644936039988784	-0.05631313297441101	0.48360314610593225	0.17562620345215169	1209	CT	160	False
ME_M1211	0.025629226957495935	0.7500151150178154	-0.06175551250749288	0.44228246212147143	0.055486676347791204	0.4900544144575337	0.0172005807306624	0.8306903813734334	0.08138078898596207	0.3109495551334953	0.08138078898596207	1211	CT	116	False
ME_M1220	-0.07833008131609798	0.3294961435154239	0.12281833096810263	0.12541900073784715	-0.1205327840969984	0.1326610989545212	-0.03608329263966087	0.6536801460763235	-0.022424430636141655	0.7804236015333055	0.12281833096810263	1220	CT	215	True
ME_M143	0.25560565352228953	0.0012336613691938507	-0.18642962611262343	0.019396389173510484	0.18222546346706817	0.022360242571164913	0.09817990763759951	0.22120961077738985	0.04062189870606098	0.6134660473625975	0.25560565352228953	143	CT	80	False
ME_M147	0.1922437335660286	0.015860860291807843	-0.18451963480203948	0.02069788852254947	0.2282690740645658	0.004035027703013725	0.07448724352221829	0.35384709969480815	-0.0169761681857919	0.8328668345797321	0.2282690740645658	147	CT	253	True
ME_M148	-0.24503139689320066	0.0019814967572822327	0.238738153055113	0.0026026796756380135	-0.3355362339699446	1.740106354105132e-05	-0.039757001137835896	0.6210459354224138	0.016481761858372457	0.8376662642500241	0.3355362339699446	148	CT	865	True
ME_M1486	-0.10747012877038777	0.18033652184352963	0.15957898649795166	0.04589555031378757	-0.1918566301381484	0.016077467221294536	-0.06728559899377547	0.4024248723614954	0.10350422669466122	0.19704779835147748	0.1918566301381484	1486	CT	174	False
ME_M1487	0.06005419688098418	0.4549799636184329	-0.0586886601697212	0.4653168011340472	0.09299461452074016	0.2466926979857228	0.11143231386719386	0.16470612506470306	-0.006860597427577969	0.9320410959259555	0.11143231386719386	1487	CT	158	False
ME_M1488	-0.009158846498546112	0.9093603932391875	-0.048959077841591925	0.5425783773987112	0.07736856692235929	0.3354857272064131	0.0650697576550634	0.41813276865437154	-0.043242822595805266	0.590747698840673	0.07736856692235929	1488	TS	103	False
ME_M151	-0.27385476389392693	0.0005193766018173792	0.22995579237261624	0.003764580691192883	-0.34392185826359295	1.0328251150379665e-05	-0.12779319785806137	0.11071329883773147	0.04597110154451367	0.5675146408707138	0.34392185826359295	151	CT	361	True
ME_M1510	-0.15093679787808062	0.059167758647298965	0.15189140468918255	0.05756200409948278	-0.20880031767719082	0.008681568760972085	-0.04070760980224673	0.6127170887217268	0.09000928031945629	0.26225474348951777	0.20880031767719082	1510	CT	169	False
ME_M1512	0.09601329562693192	0.23162039306454624	-0.08355778538765248	0.2981400485953389	0.1482108570630236	0.06395676197295641	0.04634585155216123	0.5643575644280758	-0.014350662941073993	0.8584201821614055	0.1482108570630236	1512	CT	187	False
ME_M1524	0.13816859029179265	0.08440143733044607	-0.1322883888117012	0.09861819150585506	0.17954127363207628	0.0244499656993846	0.07417174326672639	0.35589514888238516	-0.03646393204935937	0.6502668386983164	0.17954127363207628	1524	CT	190	False
ME_M1525	-0.27097182466531183	0.0005978563817345379	0.28376353090924955	0.00031644367139744753	-0.3182483252810446	4.867589163002097e-05	-0.1125559198258649	0.16046310419580997	0.07055915809349772	0.37987107232215006	0.3182483252810446	1525	CT	97	False
ME_M1532	0.1931765950355914	0.015349282557137302	-0.10537951455588457	0.1890109985337416	0.1993030504191625	0.012333273455354862	-0.004796828767138651	0.9524549953143381	-0.035009942574878536	0.6633437186173643	0.1993030504191625	1532	CT	213	False
ME_M1535	-0.13887686779128278	0.08280590870339043	0.048034285248509986	0.5502381675493891	-0.11435165955192414	0.15385257671706576	-0.04670139669176998	0.5613700402434709	0.033002218739823036	0.6815683111347486	0.13887686779128278	1535	CT	66	False
ME_M154	-0.17426315339313703	0.029051123272616445	0.15531829825950066	0.05209048972866521	-0.29401137479243655	0.00018588640741106389	-0.03771321027789467	0.6391154565819362	0.10518811225906542	0.1898201394005704	0.29401137479243655	154	CT	246	True
ME_M1596	0.07376093523542815	0.35857295221418445	-0.03152974102265847	0.6950530423178887	0.08187395623789949	0.3080167068534997	0.014582026829114865	0.8561620607696192	0.018082798524163862	0.8221468492386721	0.08187395623789949	1596	TS	199	False
ME_M1598	0.01742770321413513	0.8284889547912551	-0.05310701985709168	0.508883033667499	0.11068344769112932	0.167580139356203	0.03316498555081268	0.6800837867155999	-0.00862164397830921	0.9146560120793157	0.11068344769112932	1598	CT	31	False
ME_M1599	-0.10234284957805899	0.20214765943662377	0.025889252037063472	0.747563975083692	-0.12658609396760345	0.11415123273689416	0.013584600308521124	0.8659050782273372	-0.007297404698493604	0.9277256087799793	0.12658609396760345	1599	CT	409	True
ME_M1600	0.1745022899107535	0.028827731819297403	-0.131460636480296	0.10076325093886114	0.22381940169235895	0.004834216854320184	-0.04744651489545336	0.5551337548990546	0.010269974312554206	0.8984200576194109	0.22381940169235895	1600	CT	49	False
ME_M1602	-0.06190682523327021	0.44116297062758925	0.01034947409186971	0.8976379980830441	-0.062275936348600666	0.4384388465967577	-0.02705077316839401	0.7366459872624863	-0.008899779744302175	0.9119137304020327	0.062275936348600666	1602	CT	53	False
ME_M161	-0.1872437920026484	0.018863502214263788	0.08953492192844667	0.2647879933395492	-0.16560685819386362	0.03819079705492581	0.026141582240415327	0.7451877851080088	0.006168365292653445	0.9388840857318226	0.1872437920026484	161	CT	80	False
ME_M163	-0.17535584294187886	0.028042282163937084	0.09785344680071481	0.22275666718071963	-0.1684444958372374	0.034959262657249114	-0.007205990112206691	0.92862857965014	-0.00021405584644164713	0.9978770878281278	0.17535584294187886	163	CT	302	True
ME_M167	0.21546763846451117	0.006725547704341518	-0.18039449921505604	0.02376824271315713	0.25493446477812015	0.0012720821007018007	0.02267426299165195	0.778040423984293	-0.014233248574823814	0.8595665914885984	0.25493446477812015	167	CT	375	True
ME_M168	0.30195678445814633	0.00012135122543805657	-0.2567502368845167	0.0011705821014284471	0.3493558737518308	7.306301931580381e-06	0.1530039640452852	0.055736009842403476	-0.0850945422197426	0.2893109187091052	0.3493558737518308	168	CT	82	False
ME_M1693	0.15984466098325606	0.04553054540350398	-0.1459639841531524	0.06813840241014059	0.19924367632414525	0.01235980673685775	0.013680384725877383	0.864968540489134	0.012151984232702341	0.8799341094622907	0.19924367632414525	1693	CT	72	False
ME_M1694	0.10392107436418138	0.19524027219920512	-0.07460499897687475	0.35308459189461006	0.16800637268925472	0.03544257062729544	0.048013472229422344	0.5504111606731862	-0.020407828866006762	0.7997332164912315	0.16800637268925472	1694	CT	71	False
ME_M1699	0.26452332180250765	0.0008145001214788029	-0.22469279119729518	0.004666987146894535	0.28807519757988037	0.00025359969467543384	0.02742255690829961	0.7331622937522397	-0.06043401644990546	0.452127741377471	0.28807519757988037	1699	CT	58	False
ME_M1703	-0.26364952535833225	0.0008488569596780064	0.2552926351702009	0.0012514453981001406	-0.3270121275003697	2.9122142303979188e-05	-0.06893155912340584	0.3909869441883603	0.025317395261970667	0.7529579103266015	0.3270121275003697	1703	CT	39	False
ME_M1753	0.15309879511512495	0.05558260322439596	-0.19675503718464155	0.013517927995449174	0.2475676398294372	0.0017718029884413484	0.0912718071175711	0.25559335266271554	-0.027967524521193055	0.7280656688169362	0.2475676398294372	1753	CT	600	True
ME_M1755	-0.12011697148645602	0.134012470816178	0.16151092698724928	0.04329613357578285	-0.24178725312122587	0.002282530057125931	-0.10039620577772101	0.21090826394304918	0.039671751403179425	0.6217952356980242	0.24178725312122587	1755	CT	532	True
ME_M1759	0.3812308213978042	8.394788255755696e-07	-0.3970554546814399	2.6246380885624203e-07	0.46381784576414153	9.486556992958993e-10	0.12838196356280218	0.10906608842681594	-0.10777617203824029	0.17909165496624146	0.46381784576414153	1759	CT	30	False
ME_M1762	-0.29698411232898003	0.00015870138711421929	0.2887779292614613	0.0002445301014059665	-0.3578190361737803	4.206819287781435e-06	-0.15870807120618563	0.04710924017089628	0.08428985494897871	0.2939120995286572	0.3578190361737803	1762	CT	279	True
ME_M1769	0.2003936472656488	0.011854714346400173	-0.1970228793802071	0.013388883649774037	0.2159617175502057	0.006597581259866507	0.06771730773167642	0.39940583164320337	-0.01791110095734951	0.8238079921045143	0.2159617175502057	1769	CT	63	False
ME_M1770	-0.27554459722783736	0.0004779131274213021	0.2527259177126612	0.0014063561353746276	-0.31412270404309817	6.165540812809964e-05	-0.0791997430539486	0.3241382035794034	0.06356103117007383	0.4290296055567074	0.31412270404309817	1770	CT	397	True
ME_M1771	0.22763873465425358	0.004140496365260486	-0.24038926316385759	0.0024245971901226066	0.2384517451405734	0.0026347489663598087	0.09422993474180062	0.24044446988006432	0.0788673669659232	0.3261792841090115	0.24038926316385759	1771	CT	37	False
ME_M1779	0.3220726131247894	3.8976965248349735e-05	-0.329200454331967	2.5552874363610373e-05	0.381686703135261	8.125121142371034e-07	0.07577730133201788	0.34554972853956784	-0.03885502806592969	0.6289933977487675	0.381686703135261	1779	CT	238	True
ME_M1780	-0.3483990706224409	7.769087801499134e-06	0.3632272975251316	2.9316432621590584e-06	-0.39199931199159155	3.830701438802957e-07	-0.15183366806838663	0.057658093329461424	0.05699926063875788	0.4782821474414932	0.39199931199159155	1780	CT	49	False
ME_M1791	0.30634811809813894	9.536180409685939e-05	-0.2999185364059168	0.0001355394479953634	0.2993980222722412	0.0001394030860092942	0.02111744779238844	0.7929238924355099	-0.09723396180615071	0.22571337807233705	0.30634811809813894	1791	CT	31	False
ME_M1822	-0.1747500853106207	0.028597798340513514	0.1112339842361832	0.16546367576659096	-0.1742185538792813	0.029092949131519046	-0.050040033972738526	0.5336923614401274	-0.015091382741597015	0.8511948582156129	0.1747500853106207	1822	CT	50	False
ME_M1856	-0.09142205345441783	0.2548084416136927	0.07736398014526905	0.33551446508996857	-0.05792459145411621	0.4711565726627732	0.06267455859954922	0.43550770747190026	0.11120014296012001	0.16559319665709532	0.11120014296012001	1856	CT	92	False
ME_M1858	0.061195942665465006	0.4464364094689505	-0.06907444099917076	0.3900033549002756	0.05013961115961001	0.532877463876115	-0.06831199387681643	0.39526922161237354	-0.0753978695634984	0.34797730359581147	0.0753978695634984	1858	CT	77	False
ME_M1859	-0.10762705117243124	0.17969742873262137	0.08786580952963079	0.2738341533493154	-0.08992863632899661	0.26268423855537776	0.06494503634608938	0.41902740641781916	0.08054342570100928	0.3159709780606057	0.10762705117243124	1859	CT	110	False
ME_M1860	-0.14064942724192644	0.07891884078763707	0.1546816857286555	0.053073015294253435	-0.11650438996062916	0.14620057114791976	0.06140541448536729	0.4448788330993667	0.08668664165256813	0.28034960757590105	0.1546816857286555	1860	CT	110	False
ME_M1863	0.09081551257624969	0.2579873027208714	-0.12350613557928264	0.12330041853650993	0.08055098663047155	0.31592540281519255	-0.08111964145897034	0.3125099547690243	0.06097032481186832	0.44811747663138946	0.12350613557928264	1863	CT	135	False
ME_M1868	-5.6152806850410554e-05	0.9994431004393148	0.05697944311163132	0.47843538893707954	0.03089831133750877	0.7008652820386952	0.07974672671825642	0.32079721763458807	-0.10242959404162306	0.20176348482285436	0.10242959404162306	1868	CT	180	False
ME_M1870	0.08835364209232438	0.2711688603827222	-0.10618028826282647	0.18565308035016376	0.04332624316029843	0.5900309381145541	-0.04121123197164045	0.608324458015444	0.07763238763669945	0.33383543310260033	0.10618028826282647	1870	CT	103	False
ME_M1880	-0.02296483385320864	0.7752712373110363	0.017206294536543345	0.8306349830413836	-0.048059027929768454	0.5500325464636344	-0.0952120340809356	0.23555645032183187	-0.05716104926514619	0.4770320909944119	0.0952120340809356	1880	CT	137	False
ME_M1883	-0.016140404753331235	0.8409834801168944	0.0325680927208339	0.6855337454248417	-0.039631866305812134	0.6221459381194845	-0.09281032102888181	0.2476344205144437	-0.020180018205060116	0.8019224578437204	0.09281032102888181	1883	CT	31	False
ME_M1886	-0.16128975288643493	0.043587334260730685	0.14964463197316227	0.06139979273342478	-0.20202574970466775	0.01116900108102976	-0.14295813306953056	0.0740779165818553	-0.009185565247093797	0.9090971080921169	0.20202574970466775	1886	CT	130	False
ME_M1887	-0.016594134551860686	0.8365748787087037	0.02608998452720256	0.7456734856376196	-0.047972943482157956	0.5507481025597565	-0.07098360618242774	0.3770041970190173	-0.059765888681759284	0.45715167190911954	0.07098360618242774	1887	CT	60	False
ME_M1894	-0.07078104386135466	0.3783707240379944	0.030300898897607884	0.7063804138986811	0.009504766183353268	0.9059524914341041	-0.04635674667415927	0.564265903996529	-0.06322830664189633	0.4314545377948869	0.07078104386135466	1894	CT	74	False
ME_M1901	0.07177028279191346	0.37172575449307915	-0.03180731610704251	0.6925035759498028	0.0339113938337035	0.6732919159435331	-0.01714493956594188	0.8312298950502787	-0.020369254590077518	0.800103802972252	0.07177028279191346	1901	CT	103	False
ME_M1904	0.08826573069165693	0.2716478631643393	-0.08768828786666552	0.27480843516535197	0.0808750417698302	0.3139761032388876	-0.014757066564671142	0.8544544390089382	-0.09352069268841395	0.24401816797886502	0.09352069268841395	1904	CT	111	False
ME_M1920	0.024379438446195303	0.761830820331027	-0.06739935712269349	0.40162802308843526	-0.038792323002479284	0.6295475041665518	0.05129673033980768	0.523454030063449	-0.12243177904543034	0.1266219316352315	0.12243177904543034	1920	CT	37	False
ME_M1921	0.09469187744401994	0.23813658427829826	-0.14393431347312982	0.07210469731118792	0.16803905746941092	0.035406321129145185	0.015483083213962537	0.847378985349273	0.022429225509942356	0.7803778434077805	0.16803905746941092	1921	CT	80	False
ME_M1923	0.0006672078468364338	0.993382992060284	0.008978037417987084	0.9111423340943696	0.06336465568783653	0.4304598611002446	-0.004504567847347077	0.9553487209531137	0.21997534866750068	0.005635833142008025	0.21997534866750068	1923	CT	38	False
ME_M1927	0.08547941704888214	0.2871272929565117	-0.08122110716946324	0.3119030746375777	0.057940065697248536	0.471037907284905	0.10032054601756021	0.2112541659187803	0.047931487141551474	0.5510928600877182	0.10032054601756021	1927	CT	31	False
ME_M1934	0.03455776173811684	0.6674315700418956	-0.043726714356265836	0.5865955727885729	0.023102609488529748	0.7739591996039241	-0.05123277622394162	0.5239726450675269	0.09699408061345052	0.22686571448612733	0.09699408061345052	1934	TS	36	False
ME_M1938	-0.01179622362056023	0.883423897567898	0.014338090726226542	0.8585429205506528	0.008359898950992956	0.9172376088887861	0.028614274101168555	0.7220325948594319	0.05120789702451878	0.5241744652609344	0.05120789702451878	1938	CT	40	False
ME_M1940	0.12734628819207006	0.11197657172933516	-0.10713989878776017	0.18168689831819113	0.09112882277630112	0.25634186971644085	0.051349006400932366	0.5230303082330554	0.11094384576759805	0.1665765777854389	0.12734628819207006	1940	CT	34	False
ME_M1970	-0.14611903246332153	0.06784286567232671	0.1522441846730824	0.056977743564999704	-0.12073159084637448	0.13201869012853026	-0.12735231463586827	0.11195946230025589	-0.007773589491916137	0.9230234885286962	0.1522441846730824	1970	CT	236	True
ME_M1974	-0.017144193862160095	0.8312371261567156	-0.021367108024552744	0.7905319007344571	-0.002228866673196871	0.977897850242094	0.04889408008002251	0.5431150107656422	-0.08384232661010824	0.29649197170588476	0.08384232661010824	1974	CT	376	True
ME_M1975	-0.007287066991643318	0.927827717513149	0.023296176933313546	0.7721169369327611	0.04098203287861166	0.6103218277698867	-0.04352441815913594	0.5883297846202648	0.04551521399271907	0.5713665126828187	0.04551521399271907	1975	CT	144	False
ME_M1987	0.056388672342567	0.4830157756103231	-0.004650815285135813	0.9539006246908069	0.0712472431288027	0.37523016867084136	0.0008548357033962214	0.9915222618073907	0.11137846317375666	0.16491155986409767	0.11137846317375666	1987	CT	190	True
ME_M1988	-0.0037802157125946603	0.9625230887120825	0.007421585039529128	0.9264991336691045	0.0029325673475384135	0.9709224237687462	-0.031744189123491445	0.6930830817364809	0.031449866019289036	0.6957873114360841	0.031744189123491445	1988	CT	125	False
ME_M1989	0.07528376922346988	0.3487094036304052	-0.03341633528639243	0.6777937484799185	0.10032829938109573	0.21121870035214566	0.04232911324347631	0.5986242447867927	-0.08919745828104354	0.2666003084904798	0.10032829938109573	1989	TS	181	True
ME_M1992	-0.08132491395433503	0.31128298887693395	0.04534702184891379	0.5727907006632867	-0.08414814825883202	0.29472737981343017	0.050908576059895946	0.5266056472669305	0.006673976075740686	0.9338854535297623	0.08414814825883202	1992	CT	134	False
ME_M2	0.07174773856549221	0.37187638711128057	0.005755650197416577	0.9429660984731092	0.09473788099074906	0.23790759949809584	0.048596427717642	0.5455758217871348	-0.12397549310240809	0.12187065721266402	0.12397549310240809	2	CT	207	False
ME_M2044	0.011583019599700532	0.8855163736090851	0.042668239591185673	0.5956953334385885	0.01949776691355412	0.8084879887376543	0.00043541288085933993	0.9956817815009077	0.06878895097469487	0.39197013526042684	0.06878895097469487	2044	CT	251	True
ME_M2046	-0.12098536117253383	0.13120214745420514	0.07957457259430559	0.32184632655729517	-0.12071449978368229	0.13207382291975672	-0.0019131549426990024	0.9810279154451952	-0.05435414047739009	0.4989688434401981	0.12098536117253383	2046	CT	374	True
ME_M2048	0.09042750805452379	0.26003504669669836	-0.07515095626331689	0.34956278862462165	0.11373023109180294	0.15611659627357954	-0.043852402111456204	0.5855192804170809	-0.017402319368284798	0.8287349265314687	0.11373023109180294	2048	CT	277	True
ME_M2145	0.19345393593155374	0.015199990534594962	-0.11173234437784095	0.16356503217199386	0.2160751010592244	0.006568522593001967	0.0846076200879343	0.29208935310699047	-0.14504368891988242	0.0699142182742617	0.2160751010592244	2145	CT	31	False
ME_M2155	0.16761027332343592	0.03588436843502941	-0.11137502570170882	0.1649246799463063	0.2106362065746002	0.008098160081547198	0.09592396954403207	0.2320568867654728	-0.1658608781165947	0.03789161749622398	0.2106362065746002	2155	TS	30	False
ME_M2176	-0.16830809195453522	0.03510913329474619	0.16784342570739233	0.03562375738516628	-0.19037058177918484	0.01693309156361411	0.019285392310944303	0.8105344917938685	0.03465715974112106	0.6665321383284055	0.19037058177918484	2176	CT	39	False
ME_M2393	-0.1819267957765073	0.022584892880569456	0.24093243984682294	0.002368472720230362	-0.29967069673711877	0.00013736646496002666	-0.038034312003702074	0.6362620931458789	0.11142473028723665	0.1647350440837342	0.29967069673711877	2393	CT	50	False
ME_M24	0.05012914467256387	0.5329630878519338	-0.054453045801355904	0.4981869529728444	0.07128609830278318	0.3749691424832634	-0.013076993589832235	0.8708713150439448	0.03636603688423966	0.6511440037718086	0.07128609830278318	24	CT	216	True
ME_M2412	0.2962843929797596	0.00016474435704898495	-0.27792893524896034	0.0004245921854342249	0.3276733237995774	2.799703683994454e-05	0.16191384134673928	0.04276983486859984	-0.02688753405781017	0.7381772727252828	0.3276733237995774	2412	CT	35	False
ME_M2490	-0.3425398928455437	1.1267146309319124e-05	0.3269167427442231	2.9287920776624763e-05	-0.3776196499572192	1.0853689138713612e-06	-0.1251803014073879	0.1182593167564558	-0.014659826645091262	0.8554029922310873	0.3776196499572192	2490	CT	31	False
ME_M2492	-0.2628083378525182	0.0008831841929460169	0.23114550493381972	0.003583753975318046	-0.2777756926577215	0.00042784640878862427	-0.10486340534395666	0.1911985922213748	-0.03068555801430293	0.7028275850896073	0.2777756926577215	2492	CT	40	False
ME_M2498	0.1780049669562659	0.02571981979082362	-0.1727211344822766	0.030527335685491687	0.2535526671233317	0.00135464565095283	0.044995450309278776	0.575773053512747	0.14869267443299017	0.06308795472963512	0.2535526671233317	2498	CT	61	False
ME_M290	0.027849024712026	0.7291728943845399	-0.0010171418555454392	0.9899126867141087	-0.08410822012137209	0.29495736888933227	0.06827941972179315	0.3954951399325635	0.07923764257113794	0.32390599164872164	0.08410822012137209	290	CT	35	False
ME_M30	0.14388053471566498	0.07221228296064496	-0.0558947599160604	0.4868632229296571	0.14759797241104347	0.06507602170128264	-0.0154345277261622	0.8478518133912958	0.03509520280098706	0.6625740467257557	0.14759797241104347	30	CT	224	True
ME_M300	0.024291481794442987	0.7626644877374749	0.007202744261231051	0.9286606430502531	-0.10305150368759396	0.1990245959204783	0.042579865668718506	0.5964579633319111	0.08808273833698312	0.2726467728823282	0.10305150368759396	300	CT	60	False
ME_M308	-0.11123105139026901	0.16547489767419918	0.029258070465468026	0.716044024230847	-0.16038757338104148	0.0447921791682546	-0.05386003617435332	0.5028846083465194	0.06806856849235672	0.39695936831431017	0.16038757338104148	308	CT	40	False
ME_M3092	0.028404825688710687	0.7239845396416613	0.014821026534966784	0.8538306375668852	-0.014190215419364025	0.8599868317749717	0.00916449205605728	0.909304761389094	-0.01141585247749897	0.887157577581947	0.028404825688710687	3092	TS	56	False
ME_M3116	-0.022871490687495832	0.776160505919853	0.049827299077628825	0.5354353802243302	-0.06100335352036321	0.4478711591440039	0.0006940600617526271	0.9931166926763565	0.02531121817067049	0.753016240401016	0.06100335352036321	3116	TS	56	False
ME_M3118	0.02076033938803012	0.7963486951179272	0.0008753765057130086	0.9913185585482652	-0.0065810484824793385	0.9348039780757726	0.016934981184637043	0.8332664228694329	0.021853407810979837	0.785878292802495	0.021853407810979837	3118	TS	44	False
ME_M3119	-0.012122248768099964	0.8802257082147279	-0.018465076479485528	0.8184512242124454	0.019247262334708012	0.810902059539851	-0.021478812078540285	0.7894622964584825	-0.026533359168328087	0.741503187985341	0.026533359168328087	3119	TS	46	False
ME_M3151	0.010370332968601936	0.8974328202853404	-0.06885513326624723	0.39151366653610387	0.06805270640428297	0.39706965130688926	0.01610909373972224	0.8412878930319352	-0.0421155445812223	0.600472073038964	0.06885513326624723	3151	TS	35	False
ME_M3211	0.00964453566222075	0.9045760052342044	0.0580435841483998	0.47024448856278916	-0.03634801839585633	0.6513055060945179	-0.00647144385409755	0.9358874538827734	0.03960378062056041	0.6223929414331014	0.0580435841483998	3211	TS	47	False
ME_M3221	0.0007425215895862439	0.9926360908747903	0.034008317674557156	0.6724118845488488	-0.030019529821395118	0.7089832478394686	-0.013882281002247338	0.8629951044380804	0.052267657712517276	0.5156127754089731	0.052267657712517276	3221	TS	43	False
ME_M3223	0.04365664085908202	0.5871960218017138	0.0034467598137049547	0.9658268581061242	0.02741975313765897	0.7331885454321939	-0.002930728101873295	0.9709406526341731	0.03588149004423037	0.6554926904412148	0.04365664085908202	3223	TS	31	False
ME_M37	-0.039862521260766004	0.620119008014452	0.07091059335714167	0.37749640876105117	-0.0011058244281498793	0.989033246608112	0.012294720391921112	0.8785346024390233	0.048716073017557704	0.5445860082110832	0.07091059335714167	37	CT	77	False
ME_M4	-0.13324234870406743	0.0961910340203602	0.07201661592811967	0.37008228543369537	-0.12348851466170307	0.12335434706081425	0.007878100918376214	0.9219918337677714	0.07436208258324804	0.3546586894568254	0.13324234870406743	4	CT	211	False
ME_M423	0.10807964794208748	0.17786349156959266	0.016292797738297612	0.8395022172243273	0.051525581614028954	0.5216003742587176	-0.05998979621828276	0.45546456788707046	0.04249135455705282	0.5972222181294683	0.10807964794208748	423	TS	222	True
ME_M424	0.10943326445437401	0.17246097687562062	0.014804061049988028	0.8539960931003884	0.06174052056814166	0.4423934679790741	-0.05456936157092925	0.4972682517580448	0.010703024704493195	0.8941612337044679	0.10943326445437401	424	CT	98	False
ME_M427	0.14972885718233783	0.061252231999619385	-0.004513126486387371	0.9552639719263871	0.10511146859235826	0.19014485316292343	-0.09381805467174771	0.24251536169033397	0.021153443839761626	0.7925788950918329	0.14972885718233783	427	CT	189	True
ME_M430	-0.10088264129874205	0.20869405923112222	-0.014190721840859219	0.8599818860871912	-0.03532859205827384	0.6604689720368788	0.04180715063682655	0.6031448396955377	0.001105213199789231	0.9890393079437424	0.10088264129874205	430	CT	230	True
ME_M448	0.10305754235336476	0.19899813421894774	-0.0356447399032312	0.6576216894480832	0.07099528943973642	0.3769254714058218	-0.014164430039564413	0.8602386577290165	0.03140577787655329	0.6961927227638699	0.10305754235336476	448	TS	163	False
ME_M449	-0.09124207651675373	0.25574886711174516	0.022286873466830157	0.7817366482469364	-0.05364884968994559	0.50456314878115	0.041417422152313046	0.6065300693523351	-0.0005289895757710494	0.9947537442836173	0.09124207651675373	449	CT	221	True
ME_M451	0.11664457326737582	0.14571246854611533	-0.026884274067760946	0.7382078639836946	0.12514795718642047	0.11835516857302358	0.044438463839461706	0.580512733304941	0.02577172979472989	0.7486714932670858	0.12514795718642047	451	CT	81	False
ME_M452	-0.01851174283958338	0.8180003546558564	-0.0091918497680991	0.9090351821869027	-0.038133562577268236	0.6353812136183119	0.02946062259912713	0.7141634430349475	-0.018724962957867276	0.8159410775131142	0.038133562577268236	452	CT	149	False
ME_M472	0.10231077281565835	0.20228985490659396	0.0059199236459858	0.9413411467174734	0.10606660433098518	0.1861271171621509	0.03307669098865778	0.6808889306013685	0.04138419263493698	0.6068190938091077	0.10606660433098518	472	TS	133	False
ME_M473	-0.08790308423928062	0.2736298780594726	0.014807027232658355	0.8539671650076811	-0.07338165647092679	0.36105634420181365	-0.007477204204469283	0.9259498633195902	-0.030869806171486363	0.7011280814913344	0.08790308423928062	473	CT	147	False
ME_M474	0.058107499691939415	0.4697549721511208	0.026022511579838342	0.7463087742412913	0.05030693054324358	0.5315095979868628	0.002964896578701609	0.9706020094367608	0.06043064758323989	0.45215299551956406	0.06043064758323989	474	CT	68	False
ME_M504	-0.08821090815688101	0.27194686498920995	-0.03179638395768464	0.6926039203460838	-0.023927290064889223	0.7661192485059224	0.04962977478469986	0.5370563120963687	-0.023238730726539435	0.7726635443882849	0.08821090815688101	504	CT	497	True
ME_M505	0.09411587620044996	0.2410167055190105	0.02208722960952436	0.7836434365331183	0.03873765447115219	0.6300307626497025	-0.05322788009299595	0.5079177824988392	0.024034744394936605	0.7650994430189557	0.09411587620044996	505	CT	31	False
ME_M506	0.10945141094628333	0.17238938614924057	-0.0004677315497247647	0.9953612637197844	0.06206785428179236	0.4399733604894295	-0.03736975778669668	0.6421732969888571	0.013542580807555372	0.8663159852828758	0.10945141094628333	506	CT	478	True
ME_M509	0.11799845203288392	0.14106180763930015	-0.00033420782740411006	0.9966854786509594	0.0703585487571105	0.381230666326325	-0.036014861133052065	0.6542945560894764	0.002122077252362388	0.9789565587506862	0.11799845203288392	509	CT	457	True
ME_M511	0.10953856084096905	0.17204587299506977	0.0019059742249804244	0.9810991108800651	0.07962496722506465	0.32153899185393237	-0.059162056697485095	0.46171872115971235	0.025564057327110958	0.7506298329664681	0.10953856084096905	511	CT	601	True
ME_M55	-0.1667133381535359	0.036901996986062544	0.10491981829890186	0.1909585846123745	-0.10098480954582265	0.20823112752130538	0.03037596668802841	0.7056865642673323	0.014780823964202355	0.8542227226071253	0.1667133381535359	55	CT	32	False
ME_M56	-0.18016173434720245	0.023952581253099663	0.1058059193972497	0.1872174593179365	-0.16384043943309717	0.04032673278695716	-0.0007721033229619589	0.9923427247243952	-0.03682705928596442	0.647017325026956	0.18016173434720245	56	CT	349	True
ME_M6	0.17472686213854693	0.028619280875041626	-0.08190979953149896	0.3078042569083686	0.1441409996738943	0.0716924260469369	-0.028714694044887534	0.7210973701579663	-0.06193144285201066	0.440980988658951	0.17472686213854693	6	CT	220	True
ME_M607	0.017740880851548124	0.8254556127927181	-0.06406694020526665	0.42535756298482225	-0.06945416003878903	0.38739664428773846	-0.04574701026725043	0.569406487314744	-0.003196612060715587	0.9683056227706337	0.06945416003878903	607	CT	55	False
ME_M608	-0.03904709397835904	0.6272974552020499	0.10619406089480911	0.1855957116174505	0.019243572445518636	0.810937631758448	-0.02772311441876532	0.7303499743963904	0.04072313023531415	0.6125815112416317	0.10619406089480911	608	CT	45	False
ME_M610	0.046329759311189614	0.564492961093837	-0.07420134775219306	0.3557026591904914	-0.06478475721040977	0.4201787395783231	-0.001610033244583399	0.9840334319106193	-0.12360174644376032	0.12300812083791074	0.12360174644376032	610	CT	58	False
ME_M626	-0.04622836007737233	0.565346468412851	-0.05792515709461961	0.47115223471918305	0.04946933473331139	0.5383747171789421	0.03198165529686628	0.6909040684377034	0.027365878346608002	0.7336930346128268	0.05792515709461961	626	CT	45	False
ME_M627	0.04999102219195546	0.5340936819681517	-0.02747837731161213	0.7326397121663075	-0.048667177113694886	0.5449904123403981	0.0087041443379298	0.9138424927320906	-0.19224108490649452	0.015862333693097065	0.19224108490649452	627	CT	54	False
ME_M63	0.1556558805255613	0.05157562002885561	-0.1308868376310601	0.10227169443141343	0.16861260622657856	0.03477529966771788	-0.04011643989457275	0.6178909440121648	0.0033211186686574537	0.9670718222292546	0.16861260622657856	63	CT	54	False
ME_M638	-0.08771868278779095	0.2746414543977294	-0.0015938583472383042	0.984193816159095	-0.037581857060910884	0.6402842124007692	0.00563416784866945	0.9441679229844335	-0.03455399091248556	0.6674657007803958	0.08771868278779095	638	CT	57	False
ME_M640	-0.006760689925113868	0.9330284261021548	0.07039326180062683	0.38099519346035865	-0.04668243135781251	0.5615292079994405	-0.003030571317311194	0.969951123002757	0.01380305109072139	0.8637694373378783	0.07039326180062683	640	CT	89	False
ME_M642	-0.06453091168169436	0.4220059488222267	-0.021243213200492342	0.791718692852528	-0.006094663948358212	0.9396129249896111	-8.810154668527359e-05	0.9991262465826612	0.0133814914411657	0.8678916024983139	0.06453091168169436	642	CT	60	False
ME_M67	-0.08294808556050658	0.30169182703255565	0.0605844791920579	0.4510006281373615	-0.12879438298678664	0.10792372428879636	-0.05822032388868552	0.4688915551860783	-0.00029532699677880733	0.9970710792313188	0.12879438298678664	67	CT	246	True
ME_M674	-0.039023692847016345	0.6275039832008925	0.03572509177208612	0.6568988078514765	-0.030043723030659133	0.7087593132671065	0.008084677700589973	0.9199530538832466	0.02041240949966828	0.7996892129028405	0.039023692847016345	674	CT	36	False
ME_M679	-0.00215149715360254	0.9786648866065292	0.0555604051060201	0.48947703604290704	-0.0065616688112149005	0.9349955435022802	-0.037673579219107856	0.6394679928673833	0.1007385158082672	0.20934835739000934	0.1007385158082672	679	CT	32	False
ME_M690	-0.06162119407903664	0.44327756796084034	-0.021229323870866006	0.791851769002722	-0.019599133379079148	0.8075116484988515	0.01266016796758046	0.8749531655439734	0.10878068056956675	0.17505017879002419	0.10878068056956675	690	CT	70	False
ME_M695	-0.012255689438208966	0.8789172580443445	-0.09110844937921433	0.25644864618495594	0.0149592783165298	0.8524825779463903	0.04309693216546282	0.5920021616692285	-0.07605915851500443	0.34375336519329985	0.09110844937921433	695	CT	97	False
ME_M709	-0.06311301348628201	0.4322966387381086	0.1129149342948501	0.15912477007467457	-0.11628414578566817	0.14696993785470905	-0.014741433987302745	0.8546069172176555	0.00864206646386453	0.9144546218041394	0.11628414578566817	709	CT	61	False
ME_M719	0.07340629181309707	0.3608947164515765	-0.1692602792404525	0.03407418616560185	0.16289429162691604	0.041511480258236824	0.05665465412001293	0.4809506419383428	-0.033226295604240064	0.6795249225609279	0.1692602792404525	719	CT	71	False
ME_M728	-0.015602110723757705	0.846220138895597	0.06642226840925369	0.40850283779844754	-0.06308544027517239	0.4324981729856561	-0.0025422858504118157	0.9747908473313202	-0.01584763283655561	0.8438307896074522	0.06642226840925369	728	CT	50	False
ME_M729	-0.009926364967253427	0.9018013444190622	-0.09765701166915715	0.22369123559949636	0.07683943290676498	0.33881130284271743	0.020209754561056704	0.801636606158926	-0.03715036113532823	0.644129791612933	0.09765701166915715	729	CT	43	False
ME_M730	-0.03497846513029969	0.6636279647937311	-0.05282556656814362	0.5111345465318514	0.040258386266772125	0.616646918213453	0.02047001673468596	0.7991358661871617	0.0269552002509243	0.737542396069274	0.05282556656814362	730	TS	95	False
ME_M735	0.05628512468352578	0.48382102731773496	-0.15529894305654268	0.0521201382459294	0.13700924304719087	0.08706615903803301	0.05951182992288055	0.4590701623926327	-0.012338747702149372	0.8781029967772077	0.15529894305654268	735	CT	40	False
ME_M743	0.06392827294916244	0.4263622401453154	0.020963702989651396	0.7943978816896231	0.019102799623971056	0.8122950341880155	-0.023972621016025937	0.7656889817706428	0.019507738167482743	0.8083919346172788	0.06392827294916244	743	CT	129	False
ME_M746	0.037089797654155	0.6446703044162271	0.06066447572239899	0.4504020176763501	-0.029892920687257046	0.7101555594816102	-0.05523624628356197	0.49201826731096976	0.04114326287241518	0.6089164781249661	0.06066447572239899	746	CT	137	False
ME_M755	-0.02820686884373521	0.7258310247559976	0.06815673997229008	0.3963466795989836	-0.0750748634374851	0.3500523114166515	0.00907946380498266	0.9101426841859931	-0.027881008470661606	0.7288739928085387	0.0750748634374851	755	TS	48	False
ME_M756	-0.013574621736044151	0.866002655051472	-0.07196316538513149	0.3704385129265492	0.05311981450383552	0.5087808040931421	0.01260821369126594	0.8754621717504277	-0.01241474563150658	0.8773580633092466	0.07196316538513149	756	CT	55	False
ME_M762	-0.01535754969654941	0.8486015281194222	-0.043967614853537965	0.5845334863960616	0.023948350520740295	0.7659193405726553	0.006543721683047114	0.9351729517586642	-0.008409457201443699	0.9167487476433714	0.043967614853537965	762	CT	37	False
ME_M777	0.0066822747583504165	0.9338034310527358	-0.035805441192060916	0.6561762660958259	0.04579853445116629	0.5689712407309027	0.013589425445585161	0.8658578956961538	0.01904642288628406	0.8128388040068305	0.04579853445116629	777	CT	82	False
ME_M779	0.012658803923391852	0.8749665286977142	0.07949712107748348	0.32231903937614287	-0.046158678532306076	0.5659333543781417	-0.06288210366155918	0.4339860348593142	0.037976368512236625	0.6367765952366204	0.07949712107748348	779	CT	40	False
ME_M780	0.058311647703449564	0.46819331282776216	0.06159909468743348	0.4434414138725591	-0.01780385023070847	0.8248460207339781	-0.032466270910115225	0.6864650638197903	0.02376336072160295	0.7676758083271139	0.06159909468743348	780	CT	38	False
ME_M781	0.07009293850435298	0.3830353367254998	0.018068063870619377	0.8222893734884632	0.03335372919681879	0.6783638756399841	-0.055585303938860145	0.4892821323626753	0.09536084395510153	0.23482192591019838	0.09536084395510153	781	CT	68	False
ME_M782	0.09278233295167113	0.2477776546505032	0.03332768683803729	0.6786010861067064	0.019871748275786718	0.8048873564974713	-0.06561864109165622	0.4142088356322171	0.07813488327225625	0.33070651150581665	0.09278233295167113	782	CT	87	False
ME_M784	0.07725694123223042	0.336185549849817	0.019066051569944016	0.8126494695638045	0.032631737383719196	0.6849518563629171	-0.03858514342954969	0.6313797572005888	0.03760620892899087	0.6400674672842297	0.07725694123223042	784	CT	133	False
ME_M786	-0.04164745721622513	0.6045309387012496	-0.06336114878235867	0.4304854277186622	0.019742789709992804	0.8061284900516631	0.04874547195481517	0.5443429290513353	-0.01917172843303508	0.81163031784029	0.06336114878235867	786	CT	162	True
ME_M794	0.035211330787693965	0.6615262889999232	0.07551620629084954	0.3472190448036092	-0.041171403579625135	0.6086713379302688	-0.052674380534765156	0.5123460977216733	0.03105955353932538	0.6993793999057297	0.07551620629084954	794	CT	145	False
ME_M799	-0.016715839633959458	0.8353932065352836	0.1327457603781224	0.09744852734998649	-0.11103982952850092	0.16620779180706088	-0.07353635345698536	0.36004215223502245	0.05203354840464289	0.517497914473109	0.1327457603781224	799	CT	175	False
ME_M828	-0.12556891591660088	0.11711236977145607	0.0518008403327514	0.5193752649689707	-0.0597084162679048	0.4575852763883721	-0.0032660813401344246	0.9676172062046832	-0.03786273247914544	0.6377861159713889	0.12556891591660088	828	CT	75	False
ME_M829	0.09951114595557926	0.21498002652217307	0.009467178956697318	0.9063227081378741	-0.016416512203596596	0.838300123751256	0.01011908889627387	0.8999046239058871	0.10855314831656167	0.17595966014296047	0.10855314831656167	829	CT	63	False
ME_M830	0.10518386414288718	0.18983812666062577	-0.018593526581494327	0.8172103404788309	0.004416911617917529	0.9562167357121892	0.03749645494143811	0.6410445786828143	0.05668634554327538	0.4807049015117496	0.10518386414288718	830	TS	35	False
ME_M831	0.08723026423014048	0.27733299452093835	-0.0014252733226559691	0.9858654788352039	-0.0017403406196106475	0.9827413764495516	-0.02194212710660401	0.7850301116905498	0.04841084147854082	0.5471129047419087	0.08723026423014048	831	CT	34	False
ME_M833	-0.10501572946843407	0.19055103693200404	0.05586088783138459	0.4871276769795678	0.013176913562195317	0.8698933299177982	0.024217127502007454	0.7633694425391195	0.07701310758161783	0.33771746572614664	0.10501572946843407	833	CT	49	False
ME_M838	-0.13772408718725182	0.08541528266401135	0.08197950596408131	0.30739136880980783	-0.08712552368248366	0.27791250005100704	0.0328959034753057	0.6825386258855798	0.013906156098315858	0.8627617929259453	0.13772408718725182	838	CT	63	False
ME_M840	0.13219567831910906	0.09885663332408233	-0.0751664946135275	0.349462879747735	0.06611994698727024	0.41064395207592375	-0.03765610644568364	0.639623446753489	-0.017378080114983416	0.8289698225896028	0.13219567831910906	840	CT	81	False
ME_M847	0.07330265888613388	0.3615749353709839	0.009535446795356305	0.9056503166705732	-0.028131789594657692	0.726531756259991	-0.04996074210663593	0.534341698155062	0.020729951274118308	0.7966403088652407	0.07330265888613388	847	CT	44	False
ME_M851	-0.06854539542078983	0.39365272408900015	-0.002413507528182521	0.9760674159527021	-0.008971128135550935	0.9112104364840676	0.0645963050830359	0.4215347990555531	-0.011935425854667947	0.8820581404752802	0.06854539542078983	851	CT	47	False
ME_M852	-0.07804179166491815	0.33128474830265303	0.004802891376042472	0.9523949748212355	-0.005541617568753283	0.9450836072417045	0.03582623740173217	0.6559893081276803	0.007574886866878849	0.9249852771664799	0.07804179166491815	852	TS	36	False
ME_M862	0.04995324127493921	0.5344031443832987	0.02563493856245913	0.7499612473157575	-0.02954358515941223	0.7133936781789328	-0.03980611185852598	0.6206144546363843	0.05020667528481264	0.5323289909533299	0.05020667528481264	862	CT	33	False
ME_M878	-0.027524237527873058	0.7322104680563495	-0.05469213843046893	0.4962994890085664	0.09187054130539189	0.2524753491484431	0.04978363005259598	0.5357935284342844	-0.02475146053865302	0.7583077715411077	0.09187054130539189	878	CT	33	False
ME_M9	-0.0557186115295665	0.4882393283615277	0.09908713696470547	0.21695045361416282	-0.047853929228163214	0.5517381261556507	-0.018008199435885983	0.8228684853754434	-0.0022012619388078313	0.9781715194902865	0.09908713696470547	9	CT	169	False
ME_M902	-0.16127207331201707	0.043610681958115745	0.06963720445863963	0.3861438404387321	-0.04103111850448113	0.6098938254938705	0.03746293783146816	0.6413430957624626	-0.037161932190317576	0.6440265442438765	0.16127207331201707	902	CT	32	False
ME_M903	0.16544675887719107	0.0383803787309442	-0.05354373386801317	0.5053997134459303	0.029154779159951273	0.7170036831657793	-0.008888706714041586	0.9120228853911353	0.05957924537614903	0.45856064870206203	0.16544675887719107	903	CT	36	False
ME_M907	-0.1392386630855615	0.08200028746903994	0.04550462976125165	0.5714560867723464	-0.03748063470903076	0.6411854729787693	0.057253551930488936	0.47631816770421304	-0.03702497021600737	0.645249078046019	0.1392386630855615	907	TS	33	False
ME_M960	0.034306248708145665	0.6697095706391286	-0.11554566894853896	0.14957200005110813	0.13417233670787526	0.09387067654315023	0.07216480349889302	0.36909577438093266	0.03083310053659614	0.7014665361999548	0.13417233670787526	960	CT	41	False
ME_M965	-0.1532939099637124	0.05526806493414131	0.19925393194736213	0.012355220097605764	-0.2474571639771266	0.001780498714055555	-0.1463774929163006	0.06735253706870402	0.010632955419470055	0.8948501268455623	0.2474571639771266	965	CT	79	False
ME_M967	-0.12130806029118407	0.13016942397748432	0.17810090410507567	0.025638900060811737	-0.1193374767506019	0.13657416945283607	-0.133844871288989	0.09468259201531887	0.03978037753500437	0.6208405371454018	0.17810090410507567	967	CT	33	False
ME_M970	0.10268164402355051	0.20065019557062522	-0.1413218628087485	0.07748326939605689	0.16185419635214177	0.04284740550077185	0.13040500368651778	0.10355207066700718	-0.0529802250019967	0.5098967039501139	0.16185419635214177	970	CT	185	False
ME_M971	0.06041381183757055	0.4522792136853673	-0.09065809537243615	0.2588167533303388	0.1610387197206983	0.04391983083787449	0.10068259826450937	0.20960260653207466	-0.016450059803271178	0.8379742168417234	0.1610387197206983	971	CT	31	False
ME_M979	0.07212817464260711	0.3693394683890834	-0.13847849591932934	0.0837003110557124	0.1686741769904731	0.03470812800053562	0.0917589374033821	0.2530545445386171	-0.0389995031180862	0.6277175013912394	0.1686741769904731	979	CT	60	False
ME_M980	0.20202172727373438	0.011170647251476743	-0.24011478162403113	0.0024534143977881623	0.2519176558164451	0.0014586464295766103	0.08665930933220904	0.28050185775941655	-0.04242125907353501	0.5978277747496386	0.2519176558164451	980	CT	50	False
ME_M987	-0.036860977607354496	0.6467141392535041	-0.059731320870256066	0.45741244368480755	0.10201249124364509	0.20361558726551202	0.09699530583597141	0.2268598182502655	-0.07633127537625056	0.34202469331297836	0.10201249124364509	987	CT	156	False
ME_M997	0.15114580583924525	0.05881307185981477	-0.16822519388545842	0.035200480711384756	0.20051931704313936	0.011800631580041073	0.1042000227157102	0.19403744534818887	-0.05854567679003102	0.4664065822499264	0.20051931704313936	997	CT	72	False
