Gene	r_cogn_global	p_cogn_global	r_pseudotime	p_pseudotime	r_cogng_demog_slope	p_cogng_demog_slope	r_motor10_demog_slope	p_motor10_demog_slope	r_sqrt_parksc_demog_slope	p_sqrt_parksc_demog_slope	max_abs_r	module_type
ME_M1918	0.2614659935306915	1.6216948898916197e-05	-0.14783629656272695	0.016019426444981624	0.29199894586982134	1.3198005013029668e-06	0.048347142380132234	0.43317366663576223	-0.10685215193606344	0.0825323431540237	0.29199894586982134	CT
ME_M660	0.2061315299954513	0.0007353613745798683	-0.23976264599091673	8.071833329198132e-05	0.265053179770428	1.2265300408875222e-05	0.024744431510608872	0.6884441391208764	-0.12621080782428712	0.040066032916513186	0.265053179770428	CT
ME_M1317	-0.24834270455435623	4.354141061658971e-05	0.18080759327216386	0.003138838058794141	-0.18375714749684588	0.0026749061757177124	-0.10234097874522727	0.09641602847942891	0.044336428877614874	0.47233416603698364	0.24834270455435623	CT
ME_M154	0.24294892387778427	6.435034350148751e-05	-0.1928801614382803	0.0016066667559072076	0.17524235903998253	0.0042173603382900625	0.15647822824085422	0.010742271884272793	-0.0813747345074229	0.18663018959756428	0.24294892387778427	CT
ME_M144	0.24284982343653594	6.480850747677811e-05	-0.19601389179137502	0.001341469337216291	0.18193585433002218	0.0029533864342451708	0.13177159848653155	0.03200848151689667	-0.09991355969234468	0.10462160097401478	0.24284982343653594	TS
ME_M1405	-0.1910453663129083	0.0017833986643812885	0.2245582850660942	0.00022830641351274857	-0.18141347757465665	0.0030379768418463044	-0.12594235405390752	0.04049484390049712	0.1157171344603388	0.059950466423614075	0.2245582850660942	TS
ME_M1460	0.2083058320975969	0.0006438113270423795	-0.2197646013802636	0.00031243604174513765	0.20334665781880687	0.0008701798477004307	0.12053752066207363	0.049985838531756095	-0.08691738473499636	0.15827548810065775	0.2197646013802636	TS
ME_M1543	-0.15904684896711233	0.009503653443804314	0.16674137106233905	0.006516492165060056	-0.21959813224505803	0.0003158204858680731	0.01816718249438705	0.7684778143650783	0.17961849593809295	0.003345656916727321	0.21959813224505803	CT
ME_M93	-0.21438268690986223	0.0004408357765825266	0.10579339753992172	0.08563670782135176	-0.10983916852876122	0.07426063873821016	-0.06362379879606074	0.3021329711356389	-0.02823659771764319	0.647256484064756	0.21438268690986223	CT
ME_M637	-0.20434351377683707	0.0008194999576365614	0.19541171538356408	0.0013890805207547848	-0.21225547286647872	0.0005039359998278636	-0.06266131137955508	0.309520254178787	0.1141904227401442	0.06342876745066142	0.21225547286647872	CT
ME_M1509	-0.20394627167478285	0.0008393601280949342	0.17570036216248758	0.004117382553305726	-0.17255710827645568	0.004848840794719471	-0.09538016137642333	0.12141301916371448	0.06878459100601003	0.2645245556935602	0.20394627167478285	CT
ME_M1969	0.12738862060690037	0.038229660128821785	-0.1679025313471743	0.0061474437361431385	0.19278518403485714	0.001615406533955448	0.0677793344081688	0.27158643203707505	-0.16312665656910968	0.007795466080494533	0.19278518403485714	CT
ME_M1510	0.1326232266687243	0.03090556639115254	-0.192653550881905	0.0016275912999427545	0.1878867657527153	0.0021297424141908626	0.07168849155196398	0.24483587230145923	-0.1212156860617264	0.048701604052939544	0.192653550881905	CT
ME_M1849	0.044964532819725886	0.466076230320622	-0.062367774922364255	0.31179661861236646	0.1902663606236567	0.0018636706356560768	-0.0028564021461062045	0.963087764960031	-0.15837148770641843	0.009816399652062748	0.1902663606236567	CT
ME_M1308	0.18804705186058307	0.0021107866926649965	-0.02743486899017459	0.6566234597375017	0.1896831020296834	0.0019259176782357706	0.0647132869539502	0.2939128278868442	-0.04357524020059305	0.47997932760717343	0.1896831020296834	CT
ME_M376	0.1894989617002853	0.0019459603677341895	-0.18885661670507176	0.002017375860814373	0.15150129233745402	0.013554005884334261	0.03818856310511252	0.5359480916859016	0.011178058065185223	0.8562804009750323	0.1894989617002853	CT
ME_M635	0.14407767699616209	0.018946418153486005	-0.12471776591332903	0.0425003109273493	0.18533457554040222	0.0024532325517554235	0.04715830623466819	0.4445824290273992	-0.13612195651647105	0.02670841700400204	0.18533457554040222	CT
ME_M883	0.16479042993503507	0.007181340829379105	-0.14503698366699877	0.018158290175040906	0.18447525300236134	0.002571827858035319	0.07552279061516767	0.22043926893140767	-0.07880352567114071	0.20098380261764698	0.18447525300236134	CT
ME_M192	-0.18112620432308502	0.0030854268178552315	0.15556199052464065	0.011217451300789038	-0.09476271435790276	0.12385371045530452	-0.03985609568440186	0.5182794307637552	0.09039140577260472	0.14223594802810166	0.18112620432308502	CT
ME_M1649	0.17500550693048406	0.004269917173453107	-0.11835070990255077	0.054320681249042546	0.14587174772743047	0.01749586390688091	0.06006780883246432	0.3300116130400618	0.019482528088037805	0.7522429137316052	0.17500550693048406	CT
ME_M1508	0.13387230432639702	0.029346690773203433	-0.17421651109532355	0.004449280609676558	0.11423401089297718	0.0633272102597796	0.13338217676477176	0.029950172476420373	-0.10221257016508789	0.09683687251759115	0.17421651109532355	TS
ME_M1403	0.17320633274519542	0.00468882457520601	-0.1214507756325256	0.048262896638671116	0.14519835761645167	0.01802855531045684	0.05981629257680087	0.33204428271487707	-0.09043511213285838	0.14204237305804998	0.17320633274519542	TS
ME_M38	0.17278218278028745	0.004792818105259399	-0.14123769557686414	0.021456446493480715	0.11612163515238408	0.05905572324308675	-0.03170549376204664	0.6073796744559814	-0.08120589986875953	0.18754895801228555	0.17278218278028745	CT
ME_M1464	0.10212151855724173	0.0971361675774199	-0.17028286814211668	0.005448849922363961	0.1276423932332715	0.03784345123797932	0.1235701971690095	0.0444548124667406	-0.08260182715398084	0.18005171902558748	0.17028286814211668	TS
ME_M190	0.03414488106668906	0.5800085715580349	-0.0424367007512518	0.49153861270699795	0.04244736512646857	0.49142965510628767	0.1675582293746212	0.006254870480288616	-0.06401511046767924	0.2991632071391517	0.1675582293746212	TS
ME_M1537	0.0724539506739526	0.23982083805769036	-0.0939603305033378	0.1270821132705113	0.166308201343182	0.0066591606924470605	0.10468385050591261	0.08898999176165506	-0.06236319807886616	0.3118321985265135	0.166308201343182	CT
ME_M1644	0.15269642229663197	0.012825523907894347	-0.16611241731388	0.006724555294722196	0.16187940033570222	0.008286090201258369	0.04513532904279096	0.46438250158618694	-0.015813793098147958	0.7977740255066688	0.16611241731388	CT
ME_M68	-0.12521925534977046	0.04166916182479599	0.165759628204519	0.006843842047778448	-0.12398053699995139	0.04374744620548282	-0.06295033436824175	0.3072895851354416	0.14109471338948174	0.02159009374750382	0.165759628204519	CT
ME_M744	-0.14847102427938189	0.015566269656872416	0.11327308270400548	0.06559732473499945	-0.16545122596408599	0.006949665313569895	-0.034047000207681755	0.5810956914813568	0.0004785127527988098	0.9938142224201099	0.16545122596408599	CT
ME_M742	-0.11301686529384247	0.06621375456179018	0.06676173546811856	0.27886466280975325	-0.1624489684947393	0.008058734114018081	-0.018487972982288367	0.7645087726213414	0.03632407057344143	0.5560544405065646	0.1624489684947393	CT
ME_M66	0.06920466918444979	0.2616111462236764	-0.07404630519934173	0.2296200370339525	0.08913099522691975	0.14790535820491743	0.03852508834162105	0.5323582316767161	-0.16127905826451933	0.008531890465271922	0.16127905826451933	CT
ME_M34	0.15106886266774694	0.013826407900691179	-0.16033841711932822	0.008930067244802617	0.08569699297418766	0.16422196165106623	-0.02107065770745905	0.7327859948853491	-0.09589813671227426	0.11939451771330314	0.16033841711932822	CT
ME_M1505	0.1581560034643517	0.009918087279857865	-0.13643924647585864	0.02635322182749867	0.11389062423588354	0.06413090642932034	0.1054026391639166	0.08680588512998914	-0.05634079784072789	0.3609523226732092	0.1581560034643517	CT
ME_M1506	0.1546410470829682	0.011713679533952392	-0.1554157110170773	0.011295008804916734	0.12023515349297312	0.05056746081798323	0.11164941671601672	0.06958440690885502	-0.10118213649053057	0.10026711157870408	0.1554157110170773	CT
ME_M158	0.15433786185901305	0.01188122777456471	-0.1362429172506926	0.026572523703216226	0.06674414250970534	0.2789916431512214	0.12999384960662932	0.0344192231425805	-0.025785518281483462	0.6760618993386859	0.15433786185901305	CT
ME_M1599	0.1393837938318501	0.02324604964613477	-0.15257378616708636	0.012898655568533928	0.06178460341932397	0.3163515664955805	-0.06727295552586582	0.27519190656989606	0.03470228009800579	0.5738359299341941	0.15257378616708636	CT
ME_M1557	-0.09783661783834811	0.11207166917690072	0.023263372001240117	0.7062025346928718	-0.15256201045002485	0.012905697052599073	0.030151496716323598	0.6251095892103198	0.023387292477923927	0.7047104129252929	0.15256201045002485	CT
ME_M1654	0.10763687546060635	0.08029050546109281	-0.06551477957293898	0.2879616970691215	0.15058580978816571	0.014136371876466873	0.022196214103623716	0.719098105563766	-0.05782586427944849	0.3484131009344796	0.15058580978816571	CT
ME_M191	0.09119910193910952	0.1386910759636395	-0.08270797072220605	0.17949083494576784	0.1497584323869825	0.014681461008663164	0.11323224282322225	0.06569526449626051	-0.06890539662076044	0.2636844519943897	0.1497584323869825	CT
ME_M1313	0.12107500395491007	0.048965723598042556	-0.1087851971405749	0.07709884010610449	0.08983752001150108	0.14470658324377658	0.14910574928853776	0.015124369712120883	-0.06471777734041063	0.2938792596899023	0.14910574928853776	CT
ME_M187	0.14852087109305318	0.015531161754531047	-0.08292536548187597	0.17834611017425692	0.12031263768482268	0.05041788046848732	0.08445452847151261	0.17044630649065812	-0.08690128427178168	0.15835286937818677	0.14852087109305318	CT
ME_M1548	0.0720341694901282	0.2425621162829549	-0.11496751046008236	0.061638158867593114	0.14762477282113662	0.016172982215208583	-0.016874926757523327	0.784526704528326	-0.08597726887432876	0.16284170478007604	0.14762477282113662	CT
ME_M229	0.14749347730804815	0.01626894190862278	-0.1396538026870089	0.02297764467842843	0.11635063537897708	0.05855408674314734	-0.006904092386670287	0.9109340035749594	0.00289334731995073	0.9626106814582156	0.14749347730804815	TS
ME_M65	-0.09788822064070085	0.11188165807978537	0.11940289734908596	0.052197536081894196	-0.09855908017191667	0.10943435868574039	-0.05925383051392236	0.33661895143426396	0.1468229245452767	0.016766824765922346	0.1468229245452767	CT
ME_M193	0.14600518515959887	0.01739195131133669	-0.12252099950916763	0.04630722478426934	0.13061987083648857	0.03355326892372259	0.11496228307611803	0.06165006361468075	-0.07046054570977138	0.25303297014792336	0.14600518515959887	CT
ME_M1581	-0.06162203319105455	0.31762904609208975	0.021369439930860358	0.7291440502629378	-0.018147484424368955	0.7687217304561246	0.1441398058712952	0.01889448939577219	-0.0610156914059463	0.32242330135714065	0.1441398058712952	TS
ME_M1643	0.14385680547002166	0.019132033696929042	-0.14347042447443986	0.019460542226456667	0.1155204287274606	0.06038959620357122	-0.02677232642949036	0.6644050409981925	-0.027323591084872374	0.6579278661032326	0.14385680547002166	CT
ME_M188	0.142846610960932	0.020001264067349908	-0.04334082906502006	0.48234712616612524	0.03370809569375406	0.5848670602579268	-0.053461287860533946	0.38605559896724656	0.005756733092686685	0.9256885930455607	0.142846610960932	CT
ME_M1580	-0.07472627665098192	0.22535892842226118	0.07053909111516911	0.2525030213142828	-0.08427379701586932	0.1713661627065802	0.14277307899208333	0.02006585271137171	-0.02922712207665045	0.6357601172113392	0.14277307899208333	CT
ME_M1903	-0.054362816978270015	0.378084533087052	-0.0373530479731522	0.5449129728634083	-0.1419496342446634	0.02080159810309514	-0.0811319365998278	0.18795249720489962	0.029890594554521886	0.6281079233530457	0.1419496342446634	CT
ME_M1535	-0.044943125381308305	0.46628876097085925	-0.00717189862345452	0.9074943233744838	-0.04946930688205052	0.42256090207224356	-0.14056466293909964	0.022091844470834312	0.002720206660081966	0.9648466080740611	0.14056466293909964	CT
ME_M1477	0.1395105671291912	0.023119694197151618	-0.11757862811642242	0.05592378224996542	0.10493277206475506	0.08822869094383579	0.0890957837212355	0.14806617168004216	-0.002841231104550271	0.9632836767354238	0.1395105671291912	CT
ME_M1263	-0.13897875284723948	0.023653758595061497	0.11036035320718171	0.07288885870052787	-0.06290275660548789	0.30765605906435084	-0.061965597796920936	0.3149332593485997	0.029518405114898748	0.6323957635898286	0.13897875284723948	TS
ME_M1556	0.05527104341302071	0.37015699676169306	-0.05245102408015642	0.3951082818712042	0.1381231787580419	0.024535287361358845	-0.02308161198990974	0.708393131523789	-0.016999191168556083	0.7829793446331821	0.1381231787580419	CT
ME_M1115	0.12644455800848514	0.03969578049036471	-0.13763369265489694	0.025052240396661127	0.10154419487961008	0.09905103355493676	0.043100194276119705	0.48478434180630703	-0.01312978317028761	0.8315327566528238	0.13763369265489694	TS
ME_M1024	0.1174631415577854	0.0561669061887918	-0.025438930143083446	0.680174607033444	0.13428579518778722	0.028845688595404366	0.06561425462205328	0.2872287660242846	0.000652267461943629	0.9915681516644931	0.13428579518778722	TS
ME_M92	-0.13301462626288246	0.030409658946269062	0.02527837576228386	0.6820830081844104	0.015629402555145888	0.8000820131634153	-0.03199002059398118	0.6041577589390968	-0.07529203023155553	0.22185661043894872	0.13301462626288246	TS
ME_M737	-0.07799276981235963	0.20567171735714804	0.05885349549783381	0.3398994282058269	-0.1321028747630036	0.03157553357371598	-0.0470909568419738	0.4452338143176793	0.06956224980759336	0.25914861798580274	0.1321028747630036	CT
ME_M1861	-0.033997435109439575	0.581646550704289	0.12787578292162505	0.03749118050779992	-0.07854511944148679	0.20246945462878246	0.08041595398429127	0.1918918316047643	0.049666795778851525	0.4207089688844912	0.12787578292162505	CT
ME_M2198	0.10189457040281469	0.0978853683515732	-0.12707568112906717	0.03871049605607983	0.06889728665166775	0.2637407927887227	-0.006307580674455205	0.91860142296622	-0.06319445930961243	0.30541370299771997	0.12707568112906717	CT
ME_M1592	0.12621679131178304	0.040056519075025436	-0.02913918543572109	0.6367772704614996	-0.034880860475537984	0.5718648954434749	-0.004521457811615979	0.9416020622328325	0.008651062884845805	0.8885288435336729	0.12621679131178304	CT
ME_M56	-0.08610683250716818	0.16220659914675584	0.12507745341372722	0.04190277965434044	-0.007734040238444467	0.9002799078640437	-0.04902064603716231	0.4267857808127951	0.05540086902387263	0.3690322488407062	0.12507745341372722	CT
ME_M189	0.1235536932628157	0.04448346237086985	-0.07225042634688553	0.24114717990597054	0.03598350061507251	0.5597662218620634	0.02463006864137949	0.6898094707289434	0.04221334449304533	0.49382359725471925	0.1235536932628157	CT
ME_M1710	0.10016831588721414	0.10373535466321081	-0.12323519118512859	0.04503940616269391	0.06630305778409085	0.2821880335079659	0.05693871139516268	0.35587034588668887	-0.05997254213730123	0.3307805819555505	0.12323519118512859	CT
ME_M644	0.05219518011089843	0.39742091477985425	-0.08688404915828943	0.15843573551721285	0.12262608002636746	0.04611883431939519	0.10111492387861346	0.10049416160806145	-0.06106999075513771	0.32199206070808023	0.12262608002636746	CT
ME_M1579	-0.06502495793207357	0.2915889787050137	0.022726007452736854	0.712685856185953	-0.027976476355520606	0.6502896129884058	0.12207759196245214	0.047109283868276376	-0.01696011831101149	0.7834657942913296	0.12207759196245214	CT
ME_M1823	-0.03397585785045604	0.5818864330019988	0.09441083548936233	0.12526157720131054	-0.12109357565335341	0.048930788360009525	0.009157492519695862	0.882049525780334	0.07089982925606476	0.25007898764185366	0.12109357565335341	CT
ME_M936	-0.11862511169668673	0.053760192984379784	0.09277277900446729	0.1319792545017343	-0.05839041633452431	0.3437193791393421	-0.04174620557717449	0.49862074715533017	-0.003784058895759078	0.9511130943524005	0.11862511169668673	TS
ME_M1206	0.11765505215305706	0.05576337297078442	-0.0778304502377797	0.2066196890897009	0.09363937727784316	0.128391557607553	0.09742922215069484	0.11358067390227465	-0.046918914180864996	0.44690021847303396	0.11765505215305706	TS
ME_M59	-0.026738709241370024	0.6648008452141696	0.006193657985854391	0.9200666364560094	-0.11748035080872368	0.056130621642969766	0.015821351477879275	0.7976794557875717	0.024730204541156493	0.6886139342462496	0.11748035080872368	CT
ME_M91	0.1169349181393284	0.05729011017211348	-0.06684367323175706	0.27827377728847186	0.0351348008949158	0.5690676172164649	0.049593151417457425	0.4213990071864357	0.025775680367020326	0.6761785069527841	0.1169349181393284	CT
ME_M396	-0.1162900990004464	0.05868635135004578	0.0756793908779037	0.2194811077686478	-0.10464807981978894	0.08909982383815092	-0.10600990777237652	0.08499436220466564	0.04949299011063845	0.42233856460938596	0.1162900990004464	CT
ME_M1046	0.11305948373529076	0.06611089168813149	-0.08888334725059878	0.14903920344714308	0.056481481633021746	0.3597525247970069	0.038321708742908925	0.5345263218891276	-0.0029447713022560038	0.96194665119271	0.11305948373529076	TS
ME_M1904	-0.05286609378448338	0.3913736227222237	0.1007756884902016	0.10164635268939994	-0.11285207022100859	0.06661273440341596	0.07176752444424367	0.24431471300695345	0.01626144652883376	0.7921781628113429	0.11285207022100859	CT
ME_M1198	0.11194268401048506	0.06884996729544945	-0.09890903791919177	0.10817451854801056	0.011943745622727778	0.8465534081411206	-0.02715542967865142	0.659901029579508	0.0329594981839197	0.5932373817093167	0.11194268401048506	CT
ME_M1650	0.11187471719697503	0.06901961271778295	-0.08238443530465181	0.18120450141470973	0.03277733129864839	0.5952824744740293	-0.03417930624157946	0.5796264516619098	-0.0044140594604511335	0.9429868122109404	0.11187471719697503	CT
ME_M1640	0.11145264589267143	0.07008076297728967	-0.09258375129529282	0.13277198956335298	0.09476704474411451	0.12383646138972328	0.06718253974235337	0.2758390792861799	-0.06843972599478686	0.26693289415729876	0.11145264589267143	CT
ME_M1196	0.11085438426214464	0.07160765242001632	-0.08135179623433755	0.1867548212000831	0.06739086072664638	0.274349520932738	0.08227302261354011	0.18179740605919872	-0.0353861703150264	0.566305075513793	0.11085438426214464	CT
ME_M1572	0.011365584790523225	0.8538960684488243	0.11046896299555586	0.0726056052798868	0.01533552164633907	0.803764057348741	-0.06926528620029991	0.2611925707397851	0.07503192761305345	0.22346194056789992	0.11046896299555586	CT
ME_M1639	0.04721838550201368	0.4440018149436169	-0.10957736706079337	0.07495758538529866	0.08282526903134158	0.17887251030316986	-0.0016524481093737366	0.978640978321693	-0.015355786031172965	0.8035100241278829	0.10957736706079337	CT
ME_M736	-0.09343588640736238	0.12922715795435982	0.08117122749446778	0.18773804917000464	-0.10951300647559312	0.075129731774639	-0.06693991476980142	0.27758082438396814	0.03017942535350761	0.6247889923393988	0.10951300647559312	CT
ME_M1304	0.10894745801726921	0.07665625509096316	-0.06757240286776255	0.2730559023100763	0.10895204754613008	0.07664376664218411	0.050261801516264956	0.41515808087862804	-0.06229048224697537	0.3123978409701239	0.10895204754613008	CT
ME_M1564	-0.04024316968777577	0.5142213577881752	0.039238550742717974	0.5247876678934054	-0.10803796331560604	0.07916379933981973	-0.023451700567345968	0.7039353230773026	0.012645677720135914	0.8376566809599565	0.10803796331560604	CT
ME_M1582	-0.10734410143865385	0.08112109501861689	0.05208311194358615	0.3984364756047868	-0.03968759691784835	0.5200510957266486	0.09230809928088593	0.13393456936961418	-0.039624640867212006	0.5207138372742607	0.10734410143865385	TS
ME_M70	0.04031599605954213	0.5134596886878826	-0.09990297962581138	0.10465853581099517	0.031814117273940706	0.6061487472051083	0.01202343588249286	0.8455423624531753	-0.10705787086317317	0.08193981154886812	0.10705787086317317	CT
ME_M1901	0.019584236931181165	0.75099197807687	0.10669318084184162	0.08299258865221515	-0.03384133480272379	0.5833830106281741	-0.0104899746001509	0.8650401435165503	0.012539710601736467	0.8389984819574515	0.10669318084184162	CT
ME_M1905	0.01848843616881894	0.764503046173883	-0.02858415934519868	0.643212844313248	0.09046802270182987	0.14189674534697538	-0.10607341422523839	0.08480668699048986	-0.04180937995360161	0.4979705587082399	0.10607341422523839	CT
ME_M1632	0.08838078636900312	0.15136041716839974	0.044870788612896624	0.4670073079330524	-0.01038809563223695	0.8663385573815401	0.04492111239489602	0.46650735920822367	-0.1053844725365093	0.0868605511531386	0.1053844725365093	CT
ME_M1314	0.06185614263251229	0.31579047393866044	-0.10054232617268292	0.10244500625730849	0.10423184188660048	0.0903858598263982	0.016604342958312417	0.7878989798661367	-0.032030920999053525	0.6036952402215185	0.10423184188660048	CT
ME_M1533	-0.08282791501006834	0.1788585805194792	0.08781986613416311	0.15398340251024714	-0.10249229025182624	0.09592199151945358	-0.06268232110604532	0.30935774425178475	0.10235497169390145	0.09637025628046071	0.10249229025182624	CT
ME_M2394	0.004923652420114076	0.9364179239822408	-0.046070273222481015	0.45517158049996753	0.07566871347230093	0.2195463430621798	-0.007321430908700563	0.9055744895657805	-0.10223888039876039	0.0967505250441254	0.10223888039876039	TS
ME_M1269	0.10009727920917001	0.10398187864904843	-0.0303898749304228	0.622375484489594	0.0648033095978522	0.29324034548459316	0.06618467330094235	0.28305011171819905	-0.043716150866244134	0.4785590204039843	0.10009727920917001	TS
ME_M1547	-0.05548973922739525	0.36826353916786697	0.10009263973313859	0.10399799546204941	0.06458660781376453	0.29486088016454126	-0.09437125982492922	0.12542069215672855	0.07397512657134299	0.2300693581469563	0.10009263973313859	CT
ME_M1563	0.013749052095524503	0.8237138658854677	0.031065757199496887	0.6146515890436444	-0.09927667360252898	0.10686336050692606	0.06412684833376937	0.2983187669940226	0.07473005316489024	0.2253354203685588	0.09927667360252898	CT
ME_M1396	0.09798442097898231	0.11152810526027436	-0.08625915522043355	0.16146231026701943	0.04430013425618761	0.47269717816207496	0.05128587019028778	0.4057058214835593	-0.07080366614935105	0.25072358441877607	0.09798442097898231	TS
ME_M374	0.006572936832579618	0.9151896259953475	0.00508375865658179	0.93435494770712	-0.013588118144597358	0.8257441788786106	-0.09678489269457867	0.11599971564159872	0.07169820637298797	0.2447717689719791	0.09678489269457867	CT
ME_M1806	0.04698632158499647	0.44624689080044744	0.011513254730100876	0.8520194323916589	-0.04857217540264895	0.4310332335575686	0.09669042423633561	0.11635774294882817	0.032029035153945534	0.6037165626592175	0.09669042423633561	CT
ME_M32	0.03823001412610463	0.5355052621312657	-0.019410309970056387	0.7531315307722798	0.0425309943336992	0.4905756652241934	0.05450089601427305	0.376872640608273	-0.09509072556689167	0.12255242491086879	0.09509072556689167	CT
ME_M1567	-0.09357082460381858	0.1286725897098813	0.009904869974445226	0.8725019370681881	-0.09111381935745475	0.1390621438939445	-0.011041472681551461	0.858017855902972	0.0032879449101274848	0.9575159953361253	0.09357082460381858	CT
ME_M1267	-0.09291789528627822	0.13137315112365108	0.027171068176551027	0.6597174318983613	-0.016893640917217317	0.7842936185448246	-0.08221564502318279	0.18210330995009075	0.01665815075622039	0.7872280582022596	0.09291789528627822	TS
ME_M1634	-0.09287392955666972	0.13155655465634244	0.09267756093932514	0.1323781183274075	-0.0584032118317417	0.3436134639834687	0.004078973834582025	0.947308350328646	-0.015904161542365514	0.7966435378901315	0.09287392955666972	CT
ME_M61	0.07573412985774257	0.21914688860581427	0.0014397074980929854	0.9813902637091727	0.09280847866506893	0.1318299492378631	0.013562093553148885	0.8260726095571911	-0.017281235901340716	0.7794704541837391	0.09280847866506893	CT
ME_M1653	-0.0927662142492044	0.13200672419029294	0.014495800513765922	0.8143085739217212	-0.06244801109023872	0.31117330306546004	-0.043024409704868975	0.48555328024868866	0.04198559602183174	0.4961593224980175	0.0927662142492044	CT
ME_M1600	0.04023356696152852	0.5143218333884318	-0.09271657391715082	0.13221458275284453	0.07133564391913237	0.247172083433683	-0.01846895735594166	0.7647438768303416	-0.06085949599764492	0.32366587932394036	0.09271657391715082	CT
ME_M1158	-0.06904535840437118	0.26271342352846283	0.07091669957712213	0.24996602193784231	-0.09248938927969591	0.1331690895763446	0.051840037183063625	0.4006445514133902	0.0034566046537305335	0.9553389279041055	0.09248938927969591	TS
ME_M1996	-0.09133149643926075	0.13811652523256063	0.012721577987063921	0.8366958875263308	-0.08695171580764484	0.15811058281834411	-0.03337642467069643	0.58856885043829	0.032599079669224464	0.5972867036083468	0.09133149643926075	CT
ME_M1402	0.047832227565283325	0.4380942840250549	-0.04702076810178395	0.4459132363020517	-0.007747515272721522	0.9001070699907241	-0.01670185219083323	0.7866832668263181	0.0900844528165826	0.14360111807481052	0.0900844528165826	CT
ME_M1175	0.06340113417723603	0.30383150708309614	-0.0526812662400067	0.3930340008331391	0.06455776201609179	0.2950770432962427	0.0900807275497909	0.14361774731257168	-0.08377269741619577	0.1739358948638976	0.0900807275497909	TS
ME_M1907	0.02071639595821069	0.7371119537209864	0.027747427186544923	0.6529652061018778	-0.08973022905060751	0.14518891748844673	0.04726794123372005	0.44352322584958315	0.025705160800023014	0.6770145928229331	0.08973022905060751	CT
ME_M60	0.024741326595201583	0.6884811941353935	-0.08870903764230814	0.14984121967252018	-0.05048889482168552	0.4130508957249826	-0.0009691166243614435	0.9874725288807951	-0.07028165221566335	0.25424284527022095	0.08870903764230814	CT
ME_M1144	0.048068002806310656	0.4358372180675714	-0.05409821118213809	0.38041358556997573	0.03731881248120136	0.5452818847240896	0.08768253553635141	0.15463079443178357	-0.04830291447792759	0.4335950642328893	0.08768253553635141	TS
ME_M228	-0.08359067833399357	0.1748763742326894	0.06936348569665401	0.2605154564873353	-0.008902534224743873	0.8853105377068176	-0.008743421615279827	0.8873466302961902	0.036933543290365314	0.54944191315059	0.08359067833399357	TS
ME_M590	0.009528631289030393	0.8773060878346086	-0.08291969418086564	0.17837590447929658	0.028353687671137662	0.6458930588774032	0.014751512530589143	0.811093917648533	-0.034567257429781784	0.5753283288991481	0.08291969418086564	CT
ME_M1591	-0.054419740832786834	0.37758463477478893	-0.008784031242380124	0.8868268963318963	0.009789882629573976	0.8739697103062966	-0.0033110826579830707	0.9572173132514636	-0.08271247210665016	0.17946707729823183	0.08271247210665016	CT
ME_M1982	-0.08211272158120858	0.18265298869096291	0.05089915515934986	0.4092601241534883	-0.08162645200443928	0.18526653295110715	-0.05655779898812635	0.35910270838455244	0.020003672657234517	0.7458401666202981	0.08211272158120858	CT
ME_M917	0.03646105792060688	0.5545648264744231	-0.08199712004889319	0.1832718339510122	0.07317848059785026	0.235140703343559	-0.01169861810494717	0.8496649561477073	0.00031338728445717834	0.9959487912214563	0.08199712004889319	CT
ME_M1012	0.02472447006823085	0.6886823780793623	0.08141312428710117	0.18642174130481895	-0.05940760530798672	0.3353642708643342	0.06801746119502483	0.2699021119284452	0.04264225066675341	0.4894407882581468	0.08141312428710117	TS
ME_M1203	0.022564141298260832	0.7146428545861668	-0.001865920391090535	0.9758824910082159	0.03130010993202863	0.6119832664412108	-0.08099353581239495	0.18870931440379618	-0.04695212729099863	0.4465782419686969	0.08099353581239495	CT
ME_M1014	0.02170663123329103	0.7250412166326485	-0.021054824223379624	0.7329791617295447	0.08059821329037119	0.19088335983546773	-0.019500672623789954	0.7520197032383499	-0.029355074267674603	0.6342813283359537	0.08059821329037119	TS
ME_M1205	0.031304486488878985	0.6119334837978212	-0.08022125653847954	0.19297342353138391	0.004180752095263689	0.9459955658474845	-0.01342812237951228	0.8277638051490986	0.023187072481011765	0.7071218136037869	0.08022125653847954	CT
ME_M1139	0.07964964760470891	0.1961745701415719	-0.051676899043851435	0.4021305788193694	0.002569640897172383	0.9667912280834949	0.06380850316333386	0.30072878070874204	0.014960480058342607	0.8084692517046337	0.07964964760470891	CT
ME_M796	0.023429261166483875	0.7042053251777538	-0.0683640445826421	0.26746340960387854	0.07959140341090731	0.19650291049717714	-0.021118550546405775	0.7322018097475549	0.012649405807435196	0.8376094828466987	0.07959140341090731	CT
ME_M417	-0.056148148422294104	0.36259934402844485	0.07899627843401749	0.19988077216580158	0.03887413168055477	0.5286476672824627	0.04195798115328557	0.4964429307388898	-0.046801986868292775	0.44803478645991945	0.07899627843401749	CT
ME_M661	0.040755934084637103	0.5088709594022541	-0.024069132806962622	0.6965207302745738	0.059098672540623134	0.3378879561453748	0.0029656463216382305	0.9616771026232862	0.07733907528138922	0.20950861267281304	0.07733907528138922	CT
ME_M589	0.016489880933464172	0.7893267103314567	-0.053108261202797574	0.38920455712798563	0.02278706490041032	0.7119481452813498	-0.019837785291354184	0.7478763787518237	0.07722559809233437	0.21017988916853056	0.07722559809233437	CT
ME_M1671	0.024200983699783754	0.6949410652633636	-0.03881157632222443	0.5293117084524855	0.011802030714206421	0.8483519921039273	-0.07442278160803481	0.22725382147578035	-0.00669960019428709	0.9135616050039285	0.07442278160803481	CT
ME_M1598	0.050680039358335136	0.4112821693267598	0.03365162262573782	0.585496597149617	-0.013293723110591855	0.8294612030424348	0.0031595725286359747	0.9591732437820304	0.07216243851406332	0.24172217236297913	0.07216243851406332	CT
ME_M1179	0.07149578455988617	0.2461098724099631	-0.053985705918465125	0.3814065033295437	0.022129917605780515	0.7199019088607695	0.027280749871698026	0.6584303298839318	-0.04744141404160648	0.4418502061754797	0.07149578455988617	CT
ME_M1604	-0.0712787985690055	0.24754990455481904	0.045167550059732234	0.46406335889058264	0.0010137050036841122	0.9868961990742545	-0.0383493461848259	0.53423143819563	-0.010731925614621333	0.8619580152100487	0.0712787985690055	CT
ME_M36	-0.024520239572879687	0.6911216209689801	0.0015242555376621149	0.980297605978247	0.06520619048819257	0.29024335240559057	0.018270497284562752	0.7671988678512194	0.07110748684848417	0.24869095391829688	0.07110748684848417	CT
ME_M1630	-0.011164889755396847	0.8564478804167905	-0.07037204926301469	0.25363098140198825	0.009994687125747408	0.8713557557870647	0.008312828429515454	0.8928604087282249	-0.03126219205510938	0.6124146508733277	0.07037204926301469	CT
ME_M1726	0.036047952328853924	0.5590628640750509	0.04067986079998725	0.5096629032927148	0.07029199359305746	0.25417279666064957	0.020848753541984948	0.7354947319227441	-0.02734919895526078	0.6576275971654891	0.07029199359305746	CT
ME_M520	-0.028365651851180708	0.6457538114080215	-0.0136175881616417	0.8253723034910322	-0.018124730306863866	0.7690035171268251	0.0691957682166191	0.2616726484008891	-0.021301728644039016	0.7299688741364078	0.0691957682166191	CT
ME_M935	0.0048740080424271096	0.9370576809505129	-0.06300476088192744	0.3068707103659217	0.0557684910894823	0.3658588265720509	-0.0022397713985584777	0.9710523015642426	-0.06753577778129131	0.27331654788554405	0.06753577778129131	CT
ME_M263	-0.0031097438459883366	0.9598165645963757	-0.0036224073298096807	0.9531990624101775	-0.02782995070836901	0.6520007098882629	-0.06540521752504462	0.2887703991941065	-0.024562211189638083	0.6906200683438378	0.06540521752504462	CT
ME_M1603	0.061221382255941245	0.3207917002611774	-0.012160801694937343	0.8438001703818943	0.03715604573087669	0.5470374967769241	0.06471274606385255	0.2939168715209997	-0.049526316318161484	0.4220258146095858	0.06471274606385255	CT
ME_M1590	-0.02677732339450444	0.6643462153491538	-0.043506715298761614	0.48067084851129205	-0.06416231341645262	0.29805107682204135	-0.03681027101708008	0.5507762505783085	0.05130754848469267	0.40550712021714846	0.06416231341645262	CT
ME_M1831	-0.02315432005214585	0.7075165548202252	-0.061525333505987455	0.3183905062806456	0.05496580258862612	0.3728097893798697	-0.052635728457697435	0.3934437352132416	0.004933354894911392	0.9362928949237493	0.061525333505987455	CT
ME_M1541	-0.060149429529623114	0.32935370733940594	-0.018040138336333403	0.7700513687086668	0.03382625494141865	0.5835508861879928	-0.044979697731667864	0.46592570714402387	-0.03740790893805861	0.544322063904187	0.060149429529623114	CT
ME_M934	0.04483839254108956	0.46732930755140484	-0.024097251145760085	0.6961837430226645	0.030161677010479178	0.6249927199673531	0.012889368003318292	0.8345727570172015	0.05700253985538645	0.3553304977870424	0.05700253985538645	CT
ME_M933	-0.055364009055048145	0.369351371194079	0.031587879672935214	0.6087137327290103	-0.009008749396979356	0.8839517679762533	-0.02359365191469092	0.7022281544203224	-0.052043165307016526	0.3987988470791354	0.055364009055048145	TS
ME_M1211	0.012964965249111872	0.8336165781490521	0.007855963762780397	0.8987162248165788	-0.01419108855949662	0.818143287235753	0.05498526154198228	0.3726403265136618	0.011698077959971354	0.8496718151162407	0.05498526154198228	CT
ME_M1209	0.054688293002010474	0.3752317094646125	0.0075167202481480205	0.9030680120415991	-0.0424920453897763	0.4909732984152566	0.03881764625436205	0.5292472560918813	0.01257655434818225	0.83853189769249	0.054688293002010474	CT
ME_M1309	0.013541251492894216	0.8263356584504883	-0.031614288638399574	0.6084140715278974	0.053541011501899646	0.3853466199418	0.02068161445286792	0.7375371267961556	-0.025159507285642452	0.6834972217300029	0.053541011501899646	CT
ME_M1730	0.00039380105896380177	0.9949092817747193	-0.052039788328095936	0.3988294900093532	0.029267590439981457	0.6352922534703777	-0.053195192546253725	0.38842770064635385	-0.0403518616940422	0.5130847955487589	0.053195192546253725	CT
ME_M1181	0.044627522992414015	0.4694282261478034	-0.022912827625511816	0.7104294946388534	-0.005898377285228695	0.92386562508661	0.052908205310576766	0.3909959114650277	-0.027079148173331038	0.6607968745985474	0.052908205310576766	CT
ME_M1210	0.001605900967120974	0.9792424950271024	0.051448048686326825	0.4042207104501524	-0.021461542052574292	0.7280226101753504	0.05002673892202225	0.4173458508985619	0.04113676619578459	0.5049160521225866	0.051448048686326825	CT
ME_M541	0.02323410981879615	0.7065550437207294	-0.02613229063194805	0.6719566016390697	-0.005241867773471062	0.9323181344096843	0.051097564346901894	0.40743424723906374	-0.021894705420333428	0.7227561878747573	0.051097564346901894	CT
ME_M57	0.023458601806072593	0.7038522913780983	-0.034993797238725595	0.5706200393215143	-0.05020510873538351	0.4156851133067331	0.03481312063989414	0.5726121794997258	-0.04438921580529015	0.47180647351698884	0.05020510873538351	CT
ME_M584	0.00601115675266975	0.9224144313833013	0.008429539293467042	0.8913653971273439	0.0009412998633386155	0.987832079427207	0.05002381838085813	0.4173730753286159	-0.037078425368732015	0.5478756931825602	0.05002381838085813	CT
ME_M1180	0.04074813549073354	0.5089521154109226	-0.011951009337879667	0.8464612415562813	-0.04151974811802776	0.5009551219146374	0.04517639269955108	0.46397579555766755	0.029521663951952364	0.6323581662242893	0.04517639269955108	CT
ME_M1307	-0.036609091326991215	0.5529572811977711	0.0034780004111953037	0.9550627738605951	-0.008381364071757456	0.8919824529691737	-0.03508915058847617	0.5695699983735523	-0.017569342344993737	0.7758907582440605	0.036609091326991215	CT
ME_M1757	-0.010957806703623271	0.8590824799616602	0.021221584870973503	0.73094554558077	0.0067129812473544215	0.9133896374933633	0.016242011625988012	0.7924208889033703	-0.026729802211478106	0.6649057309546627	0.026729802211478106	CT
ME_M1312	-0.0050016915297973405	0.9354123325587788	-0.010249606437226885	0.868104131140281	0.01357916814002957	0.825857124633796	0.012727654862309663	0.836618973059193	0.011552297471896886	0.8515234036996527	0.01357916814002957	CT
