Gene	r_cogn_global	p_cogn_global	r_pseudotime	p_pseudotime	r_cogng_demog_slope	p_cogng_demog_slope	r_motor10_demog_slope	p_motor10_demog_slope	r_sqrt_parksc_demog_slope	p_sqrt_parksc_demog_slope	max_abs_r	module_id	module_type	selected
ME_M10	-0.09624278896341773	0.3217595683272272	0.03902670536715144	0.6884121103484493	-0.05848870161145892	0.5476570694190599	-0.2292604236692191	0.01700028369125156	-0.023145061511977753	0.8120645111172319	0.2292604236692191	10	CT	True
ME_M101	-0.1952506478396622	0.0428645477305539	-0.19802438058572047	0.03993947633985395	0.06781702636289219	0.48556639663946494	0.05536665552367841	0.5692688117511704	-0.17222924668249603	0.07468795962108817	0.19802438058572047	101	CT	False
ME_M102	-0.14259245445298008	0.14097906719186218	-0.11331855919910472	0.2429264271953013	-0.007141868246672224	0.9415214318705767	0.07157791200112965	0.4616401649074906	-0.23371909930810142	0.014915085036054144	0.23371909930810142	102	CT	False
ME_M103	-0.21799815492391192	0.0234224190701667	-0.20975141037635772	0.029351463038778194	0.002282739064345233	0.9812937912838213	0.058974144447224174	0.5443329742581358	-0.23815949644488835	0.013062885776646225	0.23815949644488835	103	CT	False
ME_M104	-0.2701191251601003	0.0046949425546639716	-0.21938165946383142	0.022535608908036815	0.012976156843952188	0.8939651319460851	0.11284605984439047	0.24490942017513792	-0.26378198615437937	0.005807826365529794	0.2701191251601003	104	CT	False
ME_M105	-0.027298696301726596	0.7791341974596406	-0.10765581723645695	0.2674300860199691	0.1150255379932105	0.23585537555164884	-0.0066759365885570784	0.9453304457025193	-0.06523504009748635	0.5023678434593029	0.1150255379932105	105	CT	False
ME_M1053	-0.0032512981529395323	0.973359280053757	0.02985618784658879	0.7590469240670754	0.14052028520565613	0.1469066605444263	-0.049277466630305466	0.6125370274112463	-0.024197082951905098	0.8036904922506309	0.14052028520565613	1053	CT	False
ME_M1056	-0.13406178192529666	0.16658758795653872	-0.03351132020118001	0.7306175451319309	-0.10492370892941702	0.279831795652592	0.051267848872641186	0.5982365111608623	-0.06024696344674312	0.5356645020272977	0.13406178192529666	1056	CT	False
ME_M1058	0.0049829629249948035	0.9591803287618085	-0.006616245488814603	0.945818514186296	0.14005493754984874	0.1482632905827455	-0.028736106889047378	0.7678255231446593	-0.02698504319553554	0.781608058610846	0.14005493754984874	1058	CT	False
ME_M1059	0.08526265601853766	0.38028891415957494	0.019567969497231018	0.8406913409263196	0.12748569526538606	0.1885684701984891	-0.02056496690863914	0.8326899467295988	0.005828510341725254	0.9522612955311204	0.12748569526538606	1059	CT	False
ME_M106	-0.11326156004478496	0.24316505024050367	-0.12807240523347313	0.1865256951080651	-0.009996442599729642	0.9182171081187847	0.07634237556593551	0.43228451288012326	-0.09485005776668631	0.3288442972235913	0.12807240523347313	106	CT	False
ME_M1060	-0.0734581231091116	0.44992640444899107	-0.033196719130935	0.7330508193293032	-0.1272132471995535	0.1895225758784569	-0.021719206329808737	0.8234479562667745	-0.029343961828818342	0.7630577567483441	0.1272132471995535	1060	CT	False
ME_M1063	0.014742515911768964	0.8796332336475495	-0.12084594134800511	0.21282836276892397	-0.03432848997497978	0.7243096930781957	0.1271429459151561	0.189769337271351	-0.0972561298223916	0.3166669809337603	0.1271429459151561	1063	CT	False
ME_M1064	0.0060573872407966925	0.9503890061832143	0.012102223305072136	0.9010689959598243	-0.13278236830106868	0.17070804480019908	0.06541635302424219	0.5011781963336597	0.012990716678232074	0.893846850131169	0.13278236830106868	1064	CT	False
ME_M1065	-0.015079570489082095	0.8769027031221708	-0.009787363443726563	0.9199218926936349	-0.07806499172249898	0.42193913084452717	0.05723599011018278	0.556280516545263	0.030154440615093744	0.7567144774113737	0.07806499172249898	1065	CT	False
ME_M1067	-0.00956253734239296	0.9217554790248366	-0.034921548023116006	0.7197432909143257	0.1297513705889325	0.18076910512871222	-0.023499883517042495	0.8092377325245588	-0.04291960984237768	0.6591790628853551	0.1297513705889325	1067	CT	False
ME_M1070	0.011555820858202018	0.9055144958416684	0.06607694148210708	0.49685635778483184	-0.08485363076845441	0.3825868458784915	0.014162960587541733	0.8843315827028468	0.054512859559176674	0.575248159933887	0.08485363076845441	1070	CT	False
ME_M1072	-0.05249718856706049	0.5894792774910362	-0.017914314660043007	0.8539981918751303	0.12303549709267021	0.20459448199977553	0.010206327685082447	0.9165061248889513	-0.09132327753566685	0.347226794819609	0.12303549709267021	1072	CT	False
ME_M1073	0.049833686925495585	0.6085257026250098	-0.07666272889125889	0.4303497061799063	0.15024936514569698	0.12064002428207123	-0.03914475151204036	0.687518612027409	-0.01854389806868837	0.8489269351776304	0.15024936514569698	1073	CT	False
ME_M1074	0.0017647580821362405	0.9855379297896889	-0.005044942508523147	0.9586730465532369	0.14677029475501394	0.12958148978999762	-0.07452789606089374	0.44333653481019974	-0.011102223903115384	0.9092071598838238	0.14677029475501394	1074	CT	False
ME_M1075	-0.03592123197643128	0.7120683100144858	0.055732052407233	0.5667188149506639	0.09309044955060361	0.3379366985310262	-0.019881346725316676	0.8381745452140857	-0.00047695031986759624	0.996091229591236	0.09309044955060361	1075	CT	True
ME_M1077	0.10507537038410933	0.27913343067105084	0.04954757430725792	0.6105876372171727	0.06908313907744335	0.47743849024914753	-0.14163060601822705	0.1437075634765599	0.08733042620118349	0.3688005098776211	0.14163060601822705	1077	CT	False
ME_M1078	-0.04973103946416561	0.6092651028948072	-0.018405245122071277	0.8500432548464959	0.09564861454246701	0.3247699905089724	-0.07125007424785573	0.46369965139388486	-0.023785949181821916	0.8069605019826764	0.09564861454246701	1078	CT	False
ME_M108	-0.050661913060264345	0.6025742180431356	-0.12024304028919437	0.21513643826126774	0.05883015810981715	0.5453178961162608	0.02907608357226754	0.7651578045888469	-0.043431689428701355	0.6553704386868416	0.12024304028919437	108	CT	False
ME_M1085	-0.06956270898027056	0.4743791279155967	0.0420741506650572	0.6654862872422224	-0.14073490142689846	0.1462841512372869	0.08821055072158418	0.3639758708053026	0.0020314398685743282	0.9833527831387607	0.14073490142689846	1085	CT	False
ME_M1086	0.17273421084407428	0.07382739903540154	-0.0432069766208138	0.6570406738398284	0.13066437749577423	0.17769384663553892	-0.07975067582426629	0.41195547489224016	0.03961104817592087	0.6839933987185005	0.17273421084407428	1086	CT	False
ME_M1088	0.11931437983308248	0.21872630536010368	-0.006251105585478291	0.9488045360570068	0.11149945317933677	0.2506222062901133	-0.1074983158474675	0.26813474067783205	0.04595121896810317	0.6367612554867272	0.11931437983308248	1088	CT	True
ME_M1091	0.09296825600332974	0.33857396336844314	0.03556022011094017	0.7148366768569591	-0.01912934119410347	0.8442167451856672	-0.08066145626097296	0.4066192535084608	0.17587952178268645	0.06864550299768112	0.17587952178268645	1091	CT	False
ME_M1095	-0.12241773442197712	0.20689410863224147	-0.024884788222237997	0.7982283226701465	-0.05040545073168658	0.6044143480778265	0.035029945542632925	0.7189097154714701	-0.00885167526243819	0.9275556213187459	0.12241773442197712	1095	CT	False
ME_M1096	-0.02061112285419541	0.832319929442514	-0.04430149655150073	0.6489214427013945	-0.04494733098751806	0.6441497392096921	0.011205418568920312	0.9083668949389015	-0.07932941422638809	0.41443741098269726	0.07932941422638809	1096	CT	False
ME_M1097	-0.053842679295448476	0.579962002372135	-0.07659375239695324	0.4307658776640487	-0.05061159612272771	0.6029350484438515	0.06959788399146137	0.47415515154847115	-0.04640505967964879	0.6334326422343161	0.07659375239695324	1097	CT	False
ME_M11	-0.10250893728931401	0.29110895047189805	0.09380557544007544	0.33422241087345494	-0.08673422511938772	0.372090920117757	-0.1338601976779865	0.1672318684662721	-0.10980909746428877	0.25792220900011725	0.1338601976779865	11	CT	True
ME_M110	0.04314488737808734	0.6575024663286708	0.07586320621450893	0.43518775368273094	-0.023204596313274824	0.8115900424990978	-0.04676894984749102	0.630769024362619	0.06418850593667483	0.5092631281599149	0.07586320621450893	110	CT	False
ME_M1106	0.0008213503211803065	0.9932688063830711	-0.06554368648549969	0.5003436045202434	-0.048790288068760346	0.6160598733018006	0.03468741503955153	0.7215448906784611	-0.03299466432084182	0.7346150047556321	0.06554368648549969	1106	CT	False
ME_M111	-0.07182644145875873	0.4600822573592225	-0.09052223556887734	0.35149016232932323	0.08762381610408645	0.3671878745177544	0.0038849654993071375	0.9681695857056064	-0.05592800125679934	0.5653535735157379	0.09052223556887734	111	CT	False
ME_M1110	-0.11391422510562194	0.24044241966371532	-0.0904038805569345	0.3521228407328571	-0.11782651958378376	0.22456589196152005	0.004971379709102072	0.9592751353318082	-0.12456079335655824	0.19899517261359687	0.12456079335655824	1110	CT	True
ME_M1112	-0.10767869785041281	0.26732782360276797	0.004871687728405759	0.9600911198665858	-0.08259341728869327	0.39543549368473474	0.0008167901260866515	0.9933061775795264	0.008684398661511251	0.9289210456429536	0.10767869785041281	1112	CT	True
ME_M1115	0.09653638673373338	0.3202786872362845	0.07986112475219559	0.41130618666191293	0.03968787941765282	0.6834132012059414	-0.019697635217094764	0.839649773167109	0.15397170913702027	0.11160853981282247	0.15397170913702027	1115	CT	False
ME_M1116	-0.03454189203641829	0.7226654255486759	-0.04671513467105935	0.6311626461009685	-0.0014526395834580132	0.9880955120569114	-0.03452461114324196	0.7227985283561652	-0.09008966153749086	0.35380597490661825	0.09008966153749086	1116	CT	False
ME_M1117	-0.0044104601415397215	0.9638668171348448	0.06483730556874025	0.5049826438881929	0.11551083386096447	0.23387154163689386	0.0973976123898984	0.31596012460395795	0.021461526028064733	0.8255091570696443	0.11551083386096447	1117	CT	False
ME_M112	-0.08116079556223132	0.4037109875967775	-0.17114943629565504	0.07655528021385156	-0.035755433836761705	0.7133392469505968	0.07194120609827931	0.45936383493283905	-0.11981151850088567	0.21679930609343417	0.17114943629565504	112	CT	False
ME_M1120	0.08654476961283161	0.3731402621439969	-0.11550559788330485	0.23389288331133296	-0.009366912000015212	0.9233512503130578	-0.0715269713992587	0.4619598444534996	-0.00953175859425232	0.922006529565815	0.11550559788330485	1120	CT	True
ME_M1127	0.014123202688327154	0.8846540416537161	0.021942738370298826	0.8216608809943217	0.04505763849521603	0.643336176285095	-0.04049648003936572	0.6773182176995565	-0.06548840673264836	0.5007058397150844	0.06548840673264836	1127	CT	False
ME_M1128	0.06724516105003626	0.48926158481569015	0.030575463641155404	0.7534256417640673	0.07681980128600777	0.4294028647219968	-0.17996451256442914	0.06235953097537377	0.026465496085770524	0.7857106429924392	0.17996451256442914	1128	CT	False
ME_M1129	0.03387962576317049	0.7277722883863849	0.03878174120403732	0.6902676258185816	0.047234505153864015	0.6273681209370163	-0.06663061189750837	0.49324916085446485	-0.04247319315045942	0.6625064420218203	0.06663061189750837	1129	CT	False
ME_M113	-0.013390681635896858	0.8905985162506869	-0.047778338589959765	0.6234052563932833	-0.022913012277149605	0.8139144988199645	0.009412888704792035	0.9229761777435104	-0.05433491619958383	0.5764980170111214	0.05433491619958383	113	CT	False
ME_M1130	0.11175710990764157	0.24952210048430878	0.013867279278058815	0.8867301732093888	0.10390606088814566	0.2845480880076854	0.006865931565027766	0.943777073917968	0.01782871692484919	0.8546881407800796	0.11175710990764157	1130	CT	False
ME_M1131	-0.05937712704353538	0.5415810606930473	-0.07304792313230028	0.45246770329067704	0.03653988235737959	0.7073329842984135	0.07790800908493525	0.422875941105555	0.10683645190031205	0.2711096298828138	0.10683645190031205	1131	CT	False
ME_M1133	-0.1173131818099273	0.22660590501376957	0.041584145606715396	0.6691525264312083	-0.041438310460405296	0.6702451792016456	0.0005142505890725786	0.9957855438745571	0.0408443529097646	0.6747024239128179	0.1173131818099273	1133	CT	False
ME_M1135	-0.028473472057706728	0.769888217763384	-0.03781909191502042	0.6975770482370435	-0.04519044119033385	0.6423572611437575	0.011319922432103571	0.9074346629083325	0.12014523687313956	0.21551252706195442	0.12014523687313956	1135	CT	False
ME_M1138	0.06153951945713751	0.5269323381038393	0.10231030179129108	0.29204981513071954	0.044736438587757374	0.6457063264657066	0.10166673820061112	0.29511196269617873	0.07028381256996788	0.4697989816780133	0.10231030179129108	1138	CT	False
ME_M1139	-0.008140375686280135	0.9333631338675253	-0.06486347229390081	0.5048104006997985	-0.03689877824105367	0.7045909861154361	-0.043464024496762975	0.6551302396111381	-0.0888357343159255	0.36057250648977063	0.0888357343159255	1139	CT	False
ME_M1142	-0.11734645801618399	0.22647327114294802	-0.0416545556288281	0.6686252344839604	0.07310414009283034	0.4521189521461839	0.039111459740270874	0.6877705559545662	-0.16225777799171068	0.09339623372683589	0.16225777799171068	1142	CT	False
ME_M1143	-0.1733788575914173	0.07274042310236264	-0.004840471788749089	0.9603466326221666	-0.01996689061628491	0.8374878072954669	-0.04409845716301675	0.6504245368833695	-0.18635643440834232	0.05347196350894808	0.18635643440834232	1143	CT	False
ME_M1145	-0.015394227398108657	0.8743549215058453	-0.03984896158876344	0.6821973742576176	0.0620038022805339	0.5238133460632547	-0.0790192378788668	0.4162704284635874	-0.0858269376328506	0.37713249899422074	0.0858269376328506	1145	CT	False
ME_M1147	-0.026430928902185086	0.7859838110970808	-0.03055567986262859	0.7535800852353881	0.010875697127182359	0.9110520092647989	0.038252082808787474	0.6942858645375733	-0.08460299447426707	0.38399907406703987	0.08460299447426707	1147	CT	False
ME_M1148	-0.10876354892477079	0.26250960193007644	0.04208550480852183	0.6654014280057353	-0.1266156764532806	0.19162752379353243	0.022458392692322745	0.8175418634127716	0.0026066150449108134	0.9786403327506654	0.1266156764532806	1148	CT	False
ME_M115	-0.0073024368351650255	0.9402090769422843	0.09429312716183257	0.3317050530390233	-0.012158525444041444	0.9006110962902845	0.056330913267100303	0.5625512560543987	0.03138502026843447	0.7471141861497489	0.09429312716183257	115	CT	False
ME_M1150	-0.03957529360283277	0.6842634650919088	-0.07455638252321242	0.44316180280856765	0.14474313597627822	0.13502041762729078	0.04683384551982078	0.6302944935951629	-0.11770850981235433	0.22503371565544947	0.14474313597627822	1150	CT	False
ME_M116	-0.021013204423260105	0.8290981291943248	-0.09479743747306436	0.32911391265664475	-0.06777528491432053	0.48583561015380483	-0.011121802157022692	0.9090477357751716	-0.10000514946752923	0.30311569507206315	0.10000514946752923	116	CT	False
ME_M117	0.08534190245614981	0.37984467105201053	0.10191778314470908	0.29391495002017376	0.04613215284422395	0.6354333571822413	0.06917062720869124	0.4768795771953077	0.09962444591165769	0.3049693544688216	0.10191778314470908	117	CT	False
ME_M119	0.17506613394536855	0.06995644281353791	0.09934386346012056	0.3063402570650477	0.039937532954356245	0.6815291953892206	-0.053530734288804574	0.5821621996202432	0.18024283049259618	0.06194892653469651	0.18024283049259618	119	CT	True
ME_M121	0.14817319297647943	0.12591677346169838	0.04359104864063369	0.6541869891995357	0.06188049525400268	0.524640795672736	-0.08052927544956405	0.4073911626221979	0.1665667928298295	0.08490146681956591	0.1665667928298295	121	CT	True
ME_M122	0.13271777538608648	0.17091804944918804	0.0689554446183174	0.47825489294429796	-0.0036932926728325335	0.9697392434451372	-0.014848839489482684	0.8787717362105344	0.12640935765654254	0.1923582057376143	0.13271777538608648	122	CT	True
ME_M124	0.024912135607310558	0.7980113125222772	0.11121904062994598	0.2518232595813732	-0.04184425284739217	0.6672054177531932	0.013273624315513754	0.8915490177923309	-0.008823918391822203	0.9277821771545549	0.11121904062994598	124	CT	False
ME_M18	0.12721453510841896	0.18951805742245711	0.017044396232247877	0.8610150871475201	0.041129986250968954	0.6725575251139398	0.14306553356964682	0.1396515609730186	0.13304087709413015	0.16986948737437593	0.14306553356964682	18	CT	False
ME_M21	0.035031503693314474	0.7188977357142846	-0.07790032174521205	0.4229218469249073	-0.050293824188313616	0.6052160498764155	0.10656727224541769	0.27232586795278874	0.05233997441226656	0.5905959416868811	0.10656727224541769	21	CT	False
ME_M28	-0.04230352470878239	0.6637727990717402	-0.052444051868757766	0.5898565906355088	0.07203164958679197	0.45879809870265165	-0.1034125142253236	0.28685441323013	-0.08840574867892764	0.3629111356567235	0.1034125142253236	28	CT	True
ME_M31	-0.10341799508842178	0.2868287332429859	-0.07748117511459886	0.42542917984904144	0.04628534966653032	0.6343099274661999	-0.0864031693699698	0.3739257253595876	-0.1424415348703127	0.1414045678793164	0.1424415348703127	31	CT	True
ME_M34	-0.07456180971248871	0.44312851758439503	-0.03899081841900651	0.6886838258571825	0.1408619447361613	0.1459165919534294	0.0015422301960783692	0.9873613691921116	-0.10206584005771548	0.29321050360494333	0.1408619447361613	34	CT	True
ME_M35	-0.039693247627726094	0.6833726696043242	-0.11196283430474223	0.24864611965573793	0.061684602241749376	0.5259566878394171	-0.05995581350332958	0.5376413020166001	-0.09695761336188514	0.31816174181710705	0.11196283430474223	35	CT	True
ME_M354	-0.058049932882797334	0.5506700495584286	0.02941294012524108	0.7625172747152071	-0.1067778701694207	0.27137400766832825	0.04796121974464998	0.6220750218073456	-0.06008639906714523	0.5367542280291437	0.1067778701694207	354	CT	False
ME_M355	-0.1060249973858351	0.27478719837381305	-0.027391177301224215	0.7784051960955995	-0.12898725810537523	0.18337264616334237	-0.040356955818409215	0.6783684364388816	-0.07442196909921736	0.4439866164102654	0.12898725810537523	355	TS	False
ME_M356	-0.10975206316099821	0.2581710273975568	0.04898816757099766	0.6146279253977822	-0.1457040837521862	0.13242087583897982	0.020805927037305397	0.8307586517055617	-0.053232703241002294	0.5842678422653814	0.1457040837521862	356	TS	False
ME_M416	0.02927153283487779	0.7636253994201917	0.1039928877682869	0.2841436321609388	0.047698934496864784	0.6239832007333453	-0.08820772407588365	0.3639913032776997	0.06461294813724594	0.5064607349189264	0.1039928877682869	416	CT	False
ME_M417	0.06527926537507757	0.5020775327931052	-0.01008700110227551	0.9174788289453535	0.053491615223748845	0.5824383835087499	-0.05591227334795106	0.5654630976054029	0.13931914545444724	0.15042756740138843	0.13931914545444724	417	CT	False
ME_M418	0.056489103899618046	0.5614528250875062	0.10412476317232991	0.2835300659554886	0.017561688548216693	0.856841188306902	-0.0892494251843059	0.3583313231651573	0.0879999026624151	0.36512703842748745	0.10412476317232991	418	CT	False
ME_M419	0.03370755722729213	0.729101105181791	0.10453049456791591	0.2816479022726368	-0.02935105708423487	0.763002156349087	-0.016998149717809597	0.8613884265792373	0.0866057317259536	0.3728024128017704	0.10453049456791591	419	CT	False
ME_M421	-0.0444120263533498	0.6481037856957408	-0.037758296006513474	0.6980396117667129	-0.08065295486955096	0.4066688740052997	0.054153215133499966	0.5777755691887739	-0.20477749519002553	0.0335090367055196	0.20477749519002553	421	CT	False
ME_M422	-0.044140488674418686	0.6501132636004481	-0.019658658172391385	0.8399628356437762	0.05416674762473732	0.5776803760988186	-0.04904072518120981	0.6142478370563746	0.1281004445134338	0.18642847461135867	0.1281004445134338	422	CT	False
ME_M424	-0.06911521426175449	0.47723353871023344	-0.04915616414928907	0.6134133592426788	-0.010911802112835906	0.9107579358951038	-0.0414915551176224	0.6698461699783009	0.10011299387465676	0.3025919416254914	0.10011299387465676	424	CT	False
ME_M425	-0.07449295101737068	0.44355093584329314	0.04162363968965343	0.6688567403045693	-0.045284239955167845	0.6416662204720555	-0.07992673609643085	0.4109207655996533	0.11211628495173721	0.24799410414584677	0.11211628495173721	425	CT	False
ME_M433	-0.06825560544983028	0.4827425770044912	-0.09205162453910216	0.34337861092785965	-0.11578689390010008	0.23274825616506	0.09501639926313722	0.3279929266076244	-0.10438019759803684	0.28234414415328996	0.11578689390010008	433	CT	False
ME_M435	-0.04102245896235451	0.6733646698023337	-0.00210088077595842	0.9827838153251497	0.03181030349116913	0.7438052532929741	-0.03722443670711567	0.7021061942868146	0.07172221604841705	0.46073524126030274	0.07172221604841705	435	CT	False
ME_M436	-0.05600307445723804	0.5648309264501767	-0.09185479409388259	0.3444158965379081	-0.026123453907555716	0.7884147800441643	-0.05965035957951245	0.5397190955263792	0.05236595081397493	0.5904113697550353	0.09185479409388259	436	CT	False
ME_M442	0.12203306812693566	0.20833534232109502	0.09138358156420756	0.34690715834091373	0.09531209163475453	0.32648299470389636	-0.06258852668611688	0.5198985651219044	0.12927521558302427	0.18238829910611115	0.12927521558302427	442	CT	False
ME_M447	-0.1307803426810298	0.17730600912949512	-0.03546472388832518	0.7155695964174437	-0.05144548831157213	0.596967499141536	0.04591622998319857	0.6370181773374441	-0.14863349428252062	0.1247318561293165	0.14863349428252062	447	CT	False
ME_M450	0.10281463464191662	0.28966490210597506	0.06727276416235924	0.48908288120209115	0.06155601673181878	0.5268213516397735	-0.057952418092551	0.5513407641965972	0.03129057351498517	0.7478496591585629	0.10281463464191662	450	CT	True
ME_M452	-0.17260204696121983	0.07405185708525201	-0.05667679712536999	0.5601508643960893	-0.09757244145839465	0.31508807861055105	0.06552689317178784	0.5004536326568831	-0.1475932006159234	0.12742208671421287	0.17260204696121983	452	CT	False
ME_M456	0.09941239633687343	0.30600504012184376	-0.010363210567120917	0.9152274641412249	0.09957619038950198	0.3052048407512955	-0.04322431455089357	0.6569117449841647	0.0695711751619284	0.47432521439346104	0.09957619038950198	456	CT	False
ME_M457	0.03865992684660734	0.691191010250333	0.09704377314880673	0.31772984706229496	0.1894674633043918	0.04953947296641158	-0.04555689669973133	0.639659223431611	0.02006676233346538	0.8366862014338536	0.1894674633043918	457	CT	False
ME_M461	-0.037695704266949216	0.6985159543630066	-0.0034212137160631283	0.9719675645432129	0.08841914853607183	0.36283811479071915	0.05602766306366987	0.5646597945020982	-0.12555669172754663	0.19539935333291208	0.12555669172754663	461	CT	False
ME_M462	-0.018090173108586384	0.8525810546473833	-0.05019879263266863	0.6058989364310715	-0.1827029278538235	0.058414610792261096	0.02925841829716661	0.7637281944704964	-0.08455616967643922	0.38426325996845734	0.1827029278538235	462	CT	False
ME_M463	0.007774496610923217	0.9363517904464742	0.010670003038428012	0.912727605668687	0.051362414971223694	0.5975608041728938	-0.04215398405330333	0.6648897135792166	-0.041776334779688944	0.6677136258660333	0.051362414971223694	463	CT	False
ME_M468	-0.008970678463225249	0.9265843647815998	-0.012142278348540904	0.900743228954193	-0.10971191512738024	0.2583462759524373	0.1016363852067861	0.2952569072783903	-0.007789885549933692	0.9362260689144543	0.10971191512738024	468	CT	False
ME_M469	-0.09437333411507444	0.33129208370950836	-0.061132891611898076	0.5296716663211753	-0.08926896382043553	0.3582256860495986	0.11755818041036914	0.2256306567321112	-0.07526305309748954	0.43883962177318564	0.11755818041036914	469	CT	False
ME_M470	0.06182023920427938	0.5250453827206859	-0.04794692026124833	0.6221789891273872	0.032490626586582	0.7385216792741743	-0.09115498841904593	0.348119773940013	0.017653576209810735	0.856100179528609	0.09115498841904593	470	CT	False
ME_M474	-0.018203346046256917	0.8516693098879897	-0.04003073564361953	0.68082634380894	0.11808427384449449	0.2235464655520167	-0.07425754737299367	0.44499674662613975	0.05859509971934664	0.5469276569259748	0.11808427384449449	474	CT	False
ME_M484	-0.00819918613101003	0.9328828303068655	0.158797688711304	0.10069270493960536	-0.01705028193887904	0.8609675751367614	-0.19999100857140356	0.03796827226929374	0.016362670806358476	0.8665215861756729	0.19999100857140356	484	CT	False
ME_M486	-0.026888662091195503	0.7823686796725399	-0.11522418315179306	0.23504192282652298	-0.05240533221050853	0.5901316003183569	0.15794798680774547	0.10255127626246473	-0.042389696913772236	0.6631295156297673	0.15794798680774547	486	CT	False
ME_M487	-0.005654888030414186	0.9536817577530423	0.11871451108453246	0.2210676118099276	0.0018040759484955274	0.9852157585557285	-0.1969823257925861	0.04101818489098223	0.07276623365028735	0.45421746469012636	0.1969823257925861	487	CT	False
ME_M488	-0.010053504350145761	0.9177519034393967	0.10795839695862935	0.26607988100281593	-0.013746936793907996	0.8877066952885097	-0.25168332831824564	0.008599604979370288	0.06894356301225976	0.47833089512022453	0.25168332831824564	488	CT	False
ME_M489	0.03565478568452859	0.714111155241436	-0.1596516947901661	0.09885148458758039	-0.09584466169173216	0.32377471398049945	0.10834311735944668	0.2643698287951664	0.011994545705718632	0.9019448173758473	0.1596516947901661	489	CT	False
ME_M492	-0.013977592110916356	0.885835185849227	-0.007251737976466017	0.9406234303876002	-0.11928379313752095	0.21884525969962368	0.10926864001388385	0.26028660244564333	-0.0006237468178977232	0.9948881965804117	0.11928379313752095	492	CT	False
ME_M494	-0.017332206563178902	0.8586923396035425	0.051937659996854076	0.5934578700439929	0.1595918891635868	0.09897955552866412	-0.053020562315909694	0.5857687810534516	0.026868925056057202	0.7825244658750469	0.1595918891635868	494	CT	False
ME_M495	-0.055110192311533315	0.5710618117467329	-0.035270914127056824	0.7170578521292233	0.14367458985870032	0.1379564804083275	0.005329658303655908	0.9563429578360068	-0.022234229938053386	0.8193318596906924	0.14367458985870032	495	CT	False
ME_M54	-0.10447438613089624	0.28190768686898654	0.010447696725740765	0.9145389561665175	0.0491069720850841	0.6137688953913588	-0.014475839146332157	0.8817946247059704	-0.15763815660975186	0.1032356291308155	0.15763815660975186	54	CT	False
ME_M56	0.09965155247721258	0.3048371269508958	0.05733557041812698	0.5555926415174811	0.061142322383038336	0.5296080533445385	0.053645689662343045	0.5813509541737585	0.12799679176205334	0.186788053479999	0.12799679176205334	56	CT	False
ME_M60	-0.0970632038928511	0.3176324985818611	-0.032383400726113745	0.7393536240254124	-0.07857309273182136	0.41891522085811805	-0.015351144603741967	0.8747036882628747	-0.16919692133594014	0.08002691287236338	0.16919692133594014	60	CT	False
ME_M68	0.01228158977257382	0.8996103401243286	-0.046716199865747085	0.6311548539189061	-0.007441596224645679	0.9390718324345272	0.054123142474143064	0.5779871386517329	0.09881760530694055	0.3089223506680643	0.09881760530694055	68	CT	False
ME_M682	0.027374648785158693	0.7785354715910243	0.09813868540089954	0.3122743709875661	0.013629548405911268	0.8886594082130779	-0.06858334877185489	0.4806381363136682	0.01633673607038124	0.8667311966322908	0.09813868540089954	682	CT	True
ME_M691	0.06638474439007486	0.4948492939498775	0.08365912377017584	0.3893455413485796	0.06512356775598722	0.5030999762107056	-0.014943388765075545	0.8780057600441995	0.03919253551744899	0.6871570542185073	0.08365912377017584	691	CT	True
ME_M693	0.028038829731240764	0.7733053554132098	0.10100164588909658	0.2982987451919685	0.03498971551185023	0.7192190454514935	-0.01566697290767896	0.8721475346066396	0.04086649906084442	0.6745360289411928	0.10100164588909658	693	CT	True
ME_M724	0.05430522447352304	0.5767066916950562	-0.11553975303113005	0.23375369254897896	0.06484514340691595	0.5049310479004101	-0.0012444320019697186	0.9898016891971881	0.032912760440329786	0.7352493644583246	0.11553975303113005	724	CT	True
ME_M728	-0.04446546888918281	0.6477085882667466	-0.029514399120552585	0.7617224964090067	-0.015643352175279738	0.8723386636115503	0.01747541694420752	0.8575370208136257	-0.0030637588233933585	0.9748954379810982	0.04446546888918281	728	CT	True
ME_M729	-0.0023590817687607797	0.9806683095787806	0.013815148883606757	0.8871531658663914	-0.018552781283929627	0.8488554249773006	0.02207618939187052	0.8205944120318986	0.034791978184645425	0.7207401123047045	0.034791978184645425	729	CT	True
ME_M732	-0.0933546612397373	0.33656137794143204	-0.055060056866178486	0.5714126308845991	0.0491836630271714	0.6132146498667185	0.03704897138228425	0.703444616252365	-0.125331973789892	0.19620659456393066	0.125331973789892	732	CT	False
ME_M733	0.08324517717071495	0.3917043170694536	0.04836711856660546	0.6191269575585687	0.03590482416159091	0.7121940501570326	-0.02747097502068239	0.7777763278390774	0.08321918073335273	0.3918527362685364	0.08324517717071495	733	CT	False
ME_M734	-0.11199848573606103	0.248494530572409	-0.08340133507996977	0.3908134862082903	-0.054201317691116566	0.5774372291295207	-0.005035865170612943	0.9587473405086567	-0.09120388750680188	0.34786015640544904	0.11199848573606103	734	CT	False
ME_M738	-0.09017449635185354	0.35335105866071626	0.07054156500552207	0.46816771074153807	-0.03249908166165604	0.7384560907999674	-0.02946027956713827	0.7621464107653088	-0.058333781058823454	0.5487199747731867	0.09017449635185354	738	CT	True
ME_M739	0.017980381636366522	0.8534657432242135	0.09966420751597135	0.30477540772733197	0.008096654877238523	0.933720216225846	-0.017018058320230865	0.8612277044207497	0.035497603649340556	0.7153172198416676	0.09966420751597135	739	CT	False
ME_M740	0.017108508274231837	0.8604975733185336	0.01742253748000825	0.857963579563211	0.056172279602776896	0.5636537892849496	-0.0002092240796134695	0.9982853319072507	-0.00721727713648003	0.9409050822246542	0.056172279602776896	740	CT	True
ME_M745	-0.13896397654259524	0.15148072827374578	0.015831972028477324	0.8708126371140315	-0.14694753647473527	0.12911403560728435	0.10268874060840966	0.2902590214660941	-0.11420220906183863	0.2392478354987949	0.14694753647473527	745	CT	True
ME_M746	0.04489242935055661	0.6445548179703955	0.08246946847252107	0.39614746085476965	-0.12176912003950237	0.2093284211317109	0.021915113604430145	0.8218816839632489	0.06749750532022537	0.4876291890494241	0.12176912003950237	746	CT	True
ME_M747	-0.03682988831648199	0.7051170195019968	0.10370246959652826	0.285497959481343	-0.12719416239263753	0.18958954154333024	0.07011846535641046	0.470847063906008	0.028386825778787116	0.7705690776715929	0.12719416239263753	747	CT	False
ME_M750	-0.03384226361549364	0.7280607529703844	0.12570483784089284	0.1948684911266518	-0.16037109583139086	0.0973211187242664	0.05002562327557973	0.6071441860994535	0.03484921471594456	0.7202997159260762	0.16037109583139086	750	CT	True
ME_M751	0.026935784081401123	0.7819967763492013	0.09654387407213909	0.32024097929427287	-0.16082250221518749	0.09637042517572031	0.10752408616613537	0.2680193593857344	0.047097508777373134	0.6283680800712957	0.16082250221518749	751	CT	True
ME_M752	-0.05129701971272951	0.5980280391066191	0.015561570386517079	0.873000464040451	-0.15876604307165387	0.10076144644882327	0.08873037457956089	0.3611446786326869	-0.007750263413062366	0.9365497692379414	0.15876604307165387	752	CT	True
ME_M755	0.09571363674079915	0.3244396736679191	-0.07042328188702125	0.46891592011023414	-0.04333244410627358	0.6561078959174775	0.07185178370228738	0.45992356254715616	0.04666040647180095	0.6315630517779147	0.09571363674079915	755	CT	False
ME_M757	0.050390630377057745	0.604520760808186	0.005509522283212996	0.9548711553186893	-0.19067883057343302	0.048074383111411566	0.04386271137191484	0.652171515440445	0.04791624720486701	0.6224020289225275	0.19067883057343302	757	CT	True
ME_M763	0.1251637958004737	0.1968123044474638	0.15459189327273057	0.11015628853642126	-0.12521030024880428	0.1966446791652888	0.01559969917585993	0.8726919045996974	0.13641378942537727	0.15920580612206378	0.15459189327273057	763	CT	True
ME_M768	-0.08086293683746235	0.4054443045153905	-0.09399711932712668	0.3332319749205854	0.1341321152038646	0.16636323019142987	-0.01905921340325696	0.8447806732334169	-0.01862775754745206	0.8482519122773131	0.1341321152038646	768	CT	False
ME_M771	0.06280089997536312	0.5184803990931877	0.1063598715773868	0.27326547617269614	-0.10659702327227048	0.27219126284081346	0.04233832871395016	0.6635129545296743	0.08606322548902516	0.37581552245387007	0.10659702327227048	771	CT	True
ME_M772	0.01078710501648885	0.9117736385531025	0.134800033137643	0.16424377510520083	-0.14471143910643172	0.13510682105827893	0.04799897094918276	0.6218005796663821	0.058203313666134154	0.5496158857013942	0.14471143910643172	772	CT	True
ME_M787	0.11861060225089864	0.22147496396262298	0.14603150647799068	0.1315439203258123	-0.03163591940584007	0.7451614954346362	-0.03871548455965223	0.6907698121067609	0.15206262424589692	0.11617252218145492	0.15206262424589692	787	CT	False
ME_M788	0.09086712911747574	0.3496505515323031	0.20618807461477806	0.03228237498127013	-0.01971312939649149	0.8395253313171249	-0.04567327769702803	0.6388033453335195	0.11982019867488528	0.21676576747880508	0.20618807461477806	788	CT	False
ME_M792	-0.07973324687586839	0.41205798792282367	-0.11666249218933228	0.22921043700720384	0.07323971864622669	0.45127848482310406	0.030707090625200387	0.7523983342319869	-0.15009715725691408	0.12102098149371711	0.15009715725691408	792	CT	False
ME_M794	0.12547559853588175	0.19569038244043702	0.07431497904664783	0.44464376654203935	-0.03347507705982847	0.7308977311809165	-0.03012642149507814	0.7569335046786297	0.10374977015622416	0.2852770867249079	0.12547559853588175	794	CT	False
ME_M795	0.0825963608586553	0.3954185949676542	0.14900267460610161	0.12378771374568504	-0.03952024803941237	0.6846793206432723	-0.05634762587463533	0.5624351601376534	0.10187088596500075	0.29413831728988377	0.14900267460610161	795	CT	False
ME_M798	0.14505421790685005	0.1341746625868335	0.11670978792179877	0.22902042039604725	0.00493795134030036	0.9595487437873912	-0.057645307590786184	0.5534556782023912	0.17148907550466003	0.07596393839773538	0.17148907550466003	798	CT	False
ME_M799	0.1351124282406305	0.16325938487791694	0.1731965349182376	0.07304653010482834	0.03773623380269907	0.6982074986264535	-0.08733531612011806	0.36877359660184234	0.1219913426442471	0.20849210591545622	0.1731965349182376	799	CT	False
ME_M802	0.061494286326483745	0.5272367072048827	-0.10678295174502903	0.27135106776044415	0.1431365267335175	0.13945316831823934	-0.005455620918262924	0.9553122071753665	0.00012375169525696839	0.9989858089549252	0.1431365267335175	802	CT	False
ME_M805	-0.03708481584554498	0.7031711265194671	-0.008581477678409437	0.9297612588285368	0.02488817583976877	0.7982014400195506	-0.0173623698959429	0.8584489785536685	0.00568159633225135	0.9534632386476003	0.03708481584554498	805	CT	False
ME_M807	0.011709491105073674	0.9042639422035897	0.09675778868905484	0.3191648652468299	-0.04674136451381229	0.6309707795913593	0.00819212961961134	0.932940459406177	0.024880312322732905	0.7982638418119951	0.09675778868905484	807	CT	False
ME_M808	0.025216431132358694	0.795597672916618	0.1670571217444441	0.08397519188514392	-0.01009977328446673	0.9173747092211052	-0.017977826234958902	0.8534863365582777	0.016996013210423593	0.8614056749408667	0.1670571217444441	808	CT	False
ME_M809	0.051270886776298	0.5982147989899802	-0.04187358122799795	0.6669860098204272	0.1128550949385021	0.24487139684462494	0.019763826651920693	0.8391181828246497	0.03563196076085825	0.7142862482684579	0.1128550949385021	809	CT	False
ME_M85	-0.07110991656943301	0.46458166307343235	-0.0705714267964612	0.4679789206793917	-0.12534644421808608	0.196154540840673	0.013566765227814337	0.8891690156473943	-0.11771808197534772	0.22499574337290512	0.12534644421808608	85	CT	False
ME_M856	0.01393983592774671	0.8861414922847577	-0.1035630689634277	0.28614956164561156	0.07395862586392206	0.4468364857405174	0.12198942222155827	0.2084993230157339	-0.012210639912464696	0.9001872835792877	0.12198942222155827	856	CT	False
ME_M86	-0.019931744595889127	0.837769941340359	0.049075809432654	0.6139941701180948	-0.027952432732263575	0.7739851232963798	-0.0228631170974111	0.8143124168734251	-0.06984313310789336	0.4725951245743825	0.06984313310789336	86	CT	True
ME_M867	-0.03100572721793194	0.7500691739313333	-0.15669892105211627	0.10533209823564577	0.010167087741218144	0.9168259801766692	0.12088931724252162	0.21266298988599813	-0.060841098531728866	0.5316417757073272	0.15669892105211627	867	TS	True
ME_M88	0.09407491254881452	0.3328302551512807	-0.01329278380682641	0.8913934328107093	0.05657960516040997	0.5608248701526923	-0.023218150835009995	0.8114820278931228	0.0830925464886476	0.39257619900266694	0.09407491254881452	88	CT	False
ME_M881	-0.08497007900525139	0.38193177905573406	-0.15428125679361582	0.11088183852690216	0.016474226352960315	0.8656200744622827	0.08492536260623232	0.38218324601755116	-0.06352276719147296	0.5136747614935044	0.15428125679361582	881	CT	False
ME_M884	0.05017738753461088	0.6060527980643575	0.045196986802549154	0.6423090279462779	0.007543295609037767	0.9382407975679056	-0.034869550654465814	0.7201432666530792	0.01716192726315033	0.8600664191397094	0.05017738753461088	884	CT	False
ME_M89	-0.06256976337387288	0.5200239557225437	0.016998109906031848	0.8613887479854115	-0.11069095709736426	0.25409585702791193	-0.04127037944650186	0.6715042349535432	-0.14573992287871196	0.13232466880850527	0.14573992287871196	89	CT	False
ME_M901	-0.0969377178724277	0.3182615261613442	-0.2318269546509291	0.015771177842898065	-0.008611030247277461	0.9295199933987555	0.0986996210489876	0.3095031827828735	-0.08848954765603814	0.36245463245524023	0.2318269546509291	901	CT	True
ME_M902	0.0002640877987686724	0.9978357045744843	-0.22237658029394936	0.02071398102104679	0.007952297757395262	0.9348993217200334	0.13682776424616835	0.15793219593746638	-0.10961562272666545	0.2587669292626602	0.22237658029394936	902	CT	False
ME_M904	0.05193058871024027	0.5935082287106549	0.20476245045486066	0.033522328767059774	0.007417734908089987	0.9392668243023603	-0.12436184562225437	0.1997191756745058	0.07889462707900788	0.41700815412612413	0.20476245045486066	904	CT	False
ME_M905	0.11764335587463073	0.2252922978979023	0.19465799876472106	0.04351214263494092	0.009066078745020203	0.9258058236377356	-0.15012988127774313	0.12093899918923928	0.17628220447522588	0.06800390259518202	0.19465799876472106	905	CT	False
ME_M906	-0.07090037749328884	0.4659020059769099	-0.15977996712951717	0.09857723518530354	-0.04482919342787116	0.6450215182313713	0.11383767851490313	0.2407606377211772	-0.056762763690040276	0.5595550271597479	0.15977996712951717	906	CT	False
ME_M91	0.03501357312574539	0.7190355980285441	-0.01909464002908022	0.8444957825175586	0.07332010863942119	0.4507805496898474	0.04068435595794426	0.6759050254548228	0.11558377423212918	0.2335743805368403	0.11558377423212918	91	CT	False
ME_M913	-0.05676718253953979	0.5595244081535073	-0.16823020133513564	0.08179185124729206	0.021551038258671766	0.8247930079851814	0.15914499622609066	0.09994069277371993	-0.03717760067943565	0.7024633632645109	0.16823020133513564	913	CT	False
ME_M914	0.03377309955776883	0.7285948530169889	0.07208771827744215	0.45844757486468635	0.025310377559172897	0.794852888099494	-0.08238951739022446	0.39660710775887725	0.005387503647068435	0.9558696010015849	0.08238951739022446	914	CT	False
ME_M916	0.1216912923796451	0.2096218842245191	0.15467580686855623	0.10996092823104711	-0.01843089590203932	0.8498367134197565	-0.10009536285107883	0.30267752725140984	0.08875768036229456	0.36099633654865637	0.15467580686855623	916	CT	False
ME_M918	-0.03428405399144384	0.7246522313572359	-0.019784148182121583	0.8389549929927738	0.029574066471761924	0.7612552082612797	0.04898358213886027	0.6146610913598014	-0.00928901691187686	0.9239867476152764	0.04898358213886027	918	CT	False
ME_M92	-0.06557789610675387	0.5001195055829069	0.012100992916764294	0.901079002947877	0.009414019249142104	0.9229669551075268	-0.023784946574367683	0.8069684804521927	-0.09149491188835732	0.3463175464409118	0.09149491188835732	92	CT	False
ME_M921	-0.06492642510458996	0.504396137181438	0.20976300528417952	0.02934230733700959	-0.13355307976773256	0.16821698857023717	-0.032931870517032454	0.7351013376725798	0.0498131600471074	0.6086735323345324	0.20976300528417952	921	CT	False
ME_M923	0.0003746551633982756	0.9969295686228206	-0.1503654568465694	0.12035008380872976	0.056496895248817666	0.5613987505982675	0.0760715456062589	0.4339240847324257	-0.043157733270619	0.6574069136464001	0.1503654568465694	923	CT	False
ME_M924	-0.019791954080081116	0.838892310394765	-0.0995353159425665	0.3054044004900558	0.06549748113948389	0.5006463678652251	0.04331209722981675	0.6562591272779706	-0.06271823394791701	0.5190321840143327	0.0995353159425665	924	CT	False
ME_M925	-0.0611449294402663	0.5295904687486146	-0.13031554409098423	0.1788642488338824	0.004104180974617313	0.9663745235418748	0.06512804383695851	0.5030705673120934	-0.032612675390533974	0.7375750933509112	0.13031554409098423	925	CT	False
ME_M930	0.054586619749624414	0.5747304458375411	-0.1665006999515558	0.08502694275024902	0.08485378075081607	0.38258600173274654	-0.06428616059797922	0.5086176518231478	0.015259847645638189	0.8754428408067674	0.1665006999515558	930	CT	False
ME_M932	-0.036875888195253205	0.7047657557219535	-0.12376626735505278	0.20189791474477845	0.11028978325895276	0.25583167772721294	-0.07689698761003476	0.42893801875754956	-0.09734238694169466	0.31623591302141413	0.12376626735505278	932	CT	False
ME_M933	0.0518657883057307	0.5939697991492524	-0.048092735542929435	0.6211191580285119	0.15995820456324844	0.09819715381951342	-0.07029994095185309	0.46969681718614076	0.02442277596208114	0.8018968464596475	0.15995820456324844	933	CT	False
ME_M935	0.12946171692855618	0.18175283157164923	0.13132991864517196	0.1754764401936735	-0.15396558695479184	0.1116229496563898	0.015137653985214331	0.8764323047740853	0.17103602545887456	0.07675356047262098	0.17103602545887456	935	CT	True
ME_M937	0.23182199071353565	0.015773478640284805	0.17240068602208986	0.07439489138854213	-0.03967618682522325	0.6835014869108615	-0.016993341382335426	0.8614272451227807	0.2504999800210262	0.008927717856911302	0.2504999800210262	937	CT	True
ME_M938	-0.0775957299600739	0.4247430651436407	-0.09630971463665217	0.32142161405724307	0.07914303870787305	0.41553825045290055	-0.10024652507015647	0.30194426127534263	-0.13279648713911021	0.17066216698450595	0.13279648713911021	938	CT	True
ME_M94	-0.1222899744289387	0.20737199510987822	-0.08561644601325773	0.3783080566052744	0.11091610474305566	0.2531252237409575	0.027513331107394276	0.7774425871053633	-0.17107303213062397	0.07668881506287215	0.17107303213062397	94	CT	False
ME_M947	-0.08020091479741734	0.40931244545634554	-0.1266046988172806	0.1916663505350269	-0.0079086320433032	0.9352560100763909	-0.05505612563851833	0.571440143637341	-0.13005468469385714	0.1797431683016421	0.13005468469385714	947	CT	False
ME_M951	-0.014161769255762586	0.8843412448002014	-0.13885695825234962	0.15179914602470113	0.11025003110563161	0.25600412070481715	-0.0901734287592594	0.3533567812284752	-0.07943016992959953	0.4138429993977766	0.13885695825234962	951	CT	False
ME_M954	0.08201295843513415	0.39877624641613624	-0.06177405904582773	0.5253555642366162	0.03970539897212558	0.6832809266201747	-0.12723092167998803	0.18946057415980283	-0.0400928700742404	0.6803579330243007	0.12723092167998803	954	CT	True
ME_M958	0.03384680289139297	0.7280257042333889	0.06577373876168546	0.4988375989457681	-0.15409883185983414	0.11130965656104416	0.07524370467653146	0.4389576429254788	0.0821834793099252	0.39779310318628125	0.15409883185983414	958	CT	False
ME_M959	0.07794681704431711	0.4226442389027892	0.09904328264996132	0.3078133295576763	-0.1293789143099857	0.18203476543766534	0.0312805951855378	0.7479273753434039	0.10207061643400074	0.29318779649072735	0.1293789143099857	959	CT	True
ME_M96	-0.06313805661821964	0.5162330218510008	-0.07733956559960097	0.42627821680277755	0.09381261777655221	0.33418596323317235	-0.035668954457360826	0.7140024721629847	-0.10307610883980083	0.2884335335437535	0.10307610883980083	96	CT	False
ME_M960	-0.01390471388068723	0.8864264436920145	-0.11153901865520491	0.2504530587136541	0.11662739751346902	0.2293515057891152	-0.06916163625112201	0.4769369991406753	-0.05515828740450301	0.5707253648378997	0.11662739751346902	960	CT	False
ME_M962	-0.008576394181830226	0.9298027608369815	0.0067344793099314935	0.94485178666198	0.09891464907579169	0.3084451405517945	-0.10366078912741117	0.2856926833219422	-0.03188651427462975	0.7432127827138422	0.10366078912741117	962	CT	False
ME_M97	-0.057028336117418685	0.5577162524557465	-0.01384616900661945	0.8869014608137522	0.08135254817503218	0.4025974473380517	0.03684493962448637	0.7050020780401016	-0.09641954355655742	0.32086750682556475	0.09641954355655742	97	CT	False
ME_M99	-0.2107987838928025	0.02853413814231773	-0.17509547285231114	0.06990880760957241	-0.00600756159522374	0.9507965739418109	0.11067788734072846	0.2541522803193602	-0.18939630788513073	0.0496266675571081	0.2107987838928025	99	CT	False
